route_id,site_id,buffer_m,from_year,to_year,followup_year,field_site_historically_verified,nlcd_collection,n_nominal_pixels,functional_group_changed_pixels,one_year_reversed_group_pixels,following_year_same_new_group_pixels,third_group_next_year_pixels,forest_group_loss_pixels,forest_loss_reverted_next_year_pixels,forest_loss_persisted_nonforest_next_year_pixels
360417,7271,250,2001,2002,2003,False,C1V0_not_C1V2,217,0,0,0,0,0,0,0
360417,7272,250,2001,2002,2003,False,C1V0_not_C1V2,221,0,0,0,0,0,0,0
360417,7273,250,2001,2002,2003,False,C1V0_not_C1V2,218,0,0,0,0,0,0,0
360417,7274,250,2001,2002,2003,False,C1V0_not_C1V2,218,0,0,0,0,0,0,0
360417,7275,250,2001,2002,2003,False,C1V0_not_C1V2,216,0,0,0,0,0,0,0
360417,7276,250,2001,2002,2003,False,C1V0_not_C1V2,217,0,0,0,0,0,0,0
360417,7277,250,2001,2002,2003,False,C1V0_not_C1V2,219,0,0,0,0,0,0,0
360417,7278,250,2001,2002,2003,False,C1V0_not_C1V2,218,0,0,0,0,0,0,0
360417,7279,250,2001,2002,2003,False,C1V0_not_C1V2,220,0,0,0,0,0,0,0
360417,7280,250,2001,2002,2003,False,C1V0_not_C1V2,220,0,0,0,0,0,0,0
360417,7271,250,2002,2003,2004,False,C1V0_not_C1V2,217,1,0,1,0,0,0,0
360417,7272,250,2002,2003,2004,False,C1V0_not_C1V2,221,0,0,0,0,0,0,0
360417,7273,250,2002,2003,2004,False,C1V0_not_C1V2,218,0,0,0,0,0,0,0
360417,7274,250,2002,2003,2004,False,C1V0_not_C1V2,218,0,0,0,0,0,0,0
360417,7275,250,2002,2003,2004,False,C1V0_not_C1V2,216,0,0,0,0,0,0,0
360417,7276,250,2002,2003,2004,False,C1V0_not_C1V2,217,1,0,1,0,0,0,0
360417,7277,250,2002,2003,2004,False,C1V0_not_C1V2,219,0,0,0,0,0,0,0
360417,7278,250,2002,2003,2004,False,C1V0_not_C1V2,218,0,0,0,0,0,0,0
360417,7279,250,2002,2003,2004,False,C1V0_not_C1V2,220,0,0,0,0,0,0,0
360417,7280,250,2002,2003,2004,False,C1V0_not_C1V2,220,0,0,0,0,0,0,0
360417,7271,250,2003,2004,2005,False,C1V0_not_C1V2,217,1,0,1,0,0,0,0
360417,7272,250,2003,2004,2005,False,C1V0_not_C1V2,221,0,0,0,0,0,0,0
360417,7273,250,2003,2004,2005,False,C1V0_not_C1V2,218,0,0,0,0,0,0,0
360417,7274,250,2003,2004,2005,False,C1V0_not_C1V2,218,0,0,0,0,0,0,0
360417,7275,250,2003,2004,2005,False,C1V0_not_C1V2,216,0,0,0,0,0,0,0
360417,7276,250,2003,2004,2005,False,C1V0_not_C1V2,217,0,0,0,0,0,0,0
360417,7277,250,2003,2004,2005,False,C1V0_not_C1V2,219,0,0,0,0,0,0,0
360417,7278,250,2003,2004,2005,False,C1V0_not_C1V2,218,0,0,0,0,0,0,0
360417,7279,250,2003,2004,2005,False,C1V0_not_C1V2,220,0,0,0,0,0,0,0
360417,7280,250,2003,2004,2005,False,C1V0_not_C1V2,220,1,0,1,0,0,0,0
360417,7271,250,2004,2005,2006,False,C1V0_not_C1V2,217,1,0,1,0,0,0,0
360417,7272,250,2004,2005,2006,False,C1V0_not_C1V2,221,0,0,0,0,0,0,0
360417,7273,250,2004,2005,2006,False,C1V0_not_C1V2,218,0,0,0,0,0,0,0
360417,7274,250,2004,2005,2006,False,C1V0_not_C1V2,218,0,0,0,0,0,0,0
360417,7275,250,2004,2005,2006,False,C1V0_not_C1V2,216,1,1,0,0,0,0,0
360417,7276,250,2004,2005,2006,False,C1V0_not_C1V2,217,1,0,1,0,0,0,0
360417,7277,250,2004,2005,2006,False,C1V0_not_C1V2,219,0,0,0,0,0,0,0
360417,7278,250,2004,2005,2006,False,C1V0_not_C1V2,218,0,0,0,0,0,0,0
360417,7279,250,2004,2005,2006,False,C1V0_not_C1V2,220,0,0,0,0,0,0,0
360417,7280,250,2004,2005,2006,False,C1V0_not_C1V2,220,0,0,0,0,0,0,0
360417,7271,250,2005,2006,2007,False,C1V0_not_C1V2,217,1,0,1,0,0,0,0
360417,7272,250,2005,2006,2007,False,C1V0_not_C1V2,221,0,0,0,0,0,0,0
360417,7273,250,2005,2006,2007,False,C1V0_not_C1V2,218,0,0,0,0,0,0,0
360417,7274,250,2005,2006,2007,False,C1V0_not_C1V2,218,0,0,0,0,0,0,0
360417,7275,250,2005,2006,2007,False,C1V0_not_C1V2,216,4,3,1,0,0,0,0
360417,7276,250,2005,2006,2007,False,C1V0_not_C1V2,217,2,0,2,0,0,0,0
360417,7277,250,2005,2006,2007,False,C1V0_not_C1V2,219,1,0,1,0,0,0,0
360417,7278,250,2005,2006,2007,False,C1V0_not_C1V2,218,0,0,0,0,0,0,0
360417,7279,250,2005,2006,2007,False,C1V0_not_C1V2,220,0,0,0,0,0,0,0
360417,7280,250,2005,2006,2007,False,C1V0_not_C1V2,220,9,0,9,0,9,0,9
360417,7271,250,2006,2007,2008,False,C1V0_not_C1V2,217,0,0,0,0,0,0,0
360417,7272,250,2006,2007,2008,False,C1V0_not_C1V2,221,0,0,0,0,0,0,0
360417,7273,250,2006,2007,2008,False,C1V0_not_C1V2,218,0,0,0,0,0,0,0
360417,7274,250,2006,2007,2008,False,C1V0_not_C1V2,218,0,0,0,0,0,0,0
360417,7275,250,2006,2007,2008,False,C1V0_not_C1V2,216,3,0,3,0,0,0,0
360417,7276,250,2006,2007,2008,False,C1V0_not_C1V2,217,0,0,0,0,0,0,0
360417,7277,250,2006,2007,2008,False,C1V0_not_C1V2,219,0,0,0,0,0,0,0
360417,7278,250,2006,2007,2008,False,C1V0_not_C1V2,218,0,0,0,0,0,0,0
360417,7279,250,2006,2007,2008,False,C1V0_not_C1V2,220,0,0,0,0,0,0,0
360417,7280,250,2006,2007,2008,False,C1V0_not_C1V2,220,0,0,0,0,0,0,0
360417,7271,250,2007,2008,2009,False,C1V0_not_C1V2,217,1,0,1,0,0,0,0
360417,7272,250,2007,2008,2009,False,C1V0_not_C1V2,221,0,0,0,0,0,0,0
360417,7273,250,2007,2008,2009,False,C1V0_not_C1V2,218,0,0,0,0,0,0,0
360417,7274,250,2007,2008,2009,False,C1V0_not_C1V2,218,0,0,0,0,0,0,0
360417,7275,250,2007,2008,2009,False,C1V0_not_C1V2,216,0,0,0,0,0,0,0
360417,7276,250,2007,2008,2009,False,C1V0_not_C1V2,217,0,0,0,0,0,0,0
360417,7277,250,2007,2008,2009,False,C1V0_not_C1V2,219,0,0,0,0,0,0,0
360417,7278,250,2007,2008,2009,False,C1V0_not_C1V2,218,0,0,0,0,0,0,0
360417,7279,250,2007,2008,2009,False,C1V0_not_C1V2,220,1,0,1,0,0,0,0
360417,7280,250,2007,2008,2009,False,C1V0_not_C1V2,220,0,0,0,0,0,0,0
360417,7271,250,2008,2009,2010,False,C1V0_not_C1V2,217,0,0,0,0,0,0,0
360417,7272,250,2008,2009,2010,False,C1V0_not_C1V2,221,0,0,0,0,0,0,0
360417,7273,250,2008,2009,2010,False,C1V0_not_C1V2,218,0,0,0,0,0,0,0
360417,7274,250,2008,2009,2010,False,C1V0_not_C1V2,218,1,0,1,0,0,0,0
360417,7275,250,2008,2009,2010,False,C1V0_not_C1V2,216,1,1,0,0,0,0,0
360417,7276,250,2008,2009,2010,False,C1V0_not_C1V2,217,1,0,1,0,0,0,0
360417,7277,250,2008,2009,2010,False,C1V0_not_C1V2,219,0,0,0,0,0,0,0
360417,7278,250,2008,2009,2010,False,C1V0_not_C1V2,218,0,0,0,0,0,0,0
360417,7279,250,2008,2009,2010,False,C1V0_not_C1V2,220,0,0,0,0,0,0,0
360417,7280,250,2008,2009,2010,False,C1V0_not_C1V2,220,1,0,1,0,1,0,1
360417,7271,250,2009,2010,2011,False,C1V0_not_C1V2,217,2,0,2,0,0,0,0
360417,7272,250,2009,2010,2011,False,C1V0_not_C1V2,221,0,0,0,0,0,0,0
360417,7273,250,2009,2010,2011,False,C1V0_not_C1V2,218,0,0,0,0,0,0,0
360417,7274,250,2009,2010,2011,False,C1V0_not_C1V2,218,0,0,0,0,0,0,0
360417,7275,250,2009,2010,2011,False,C1V0_not_C1V2,216,2,1,1,0,0,0,0
360417,7276,250,2009,2010,2011,False,C1V0_not_C1V2,217,1,0,1,0,0,0,0
360417,7277,250,2009,2010,2011,False,C1V0_not_C1V2,219,0,0,0,0,0,0,0
360417,7278,250,2009,2010,2011,False,C1V0_not_C1V2,218,0,0,0,0,0,0,0
360417,7279,250,2009,2010,2011,False,C1V0_not_C1V2,220,0,0,0,0,0,0,0
360417,7280,250,2009,2010,2011,False,C1V0_not_C1V2,220,1,0,1,0,1,0,1
360417,7271,250,2010,2011,2012,False,C1V0_not_C1V2,217,0,0,0,0,0,0,0
360417,7272,250,2010,2011,2012,False,C1V0_not_C1V2,221,0,0,0,0,0,0,0
360417,7273,250,2010,2011,2012,False,C1V0_not_C1V2,218,0,0,0,0,0,0,0
360417,7274,250,2010,2011,2012,False,C1V0_not_C1V2,218,1,0,1,0,0,0,0
360417,7275,250,2010,2011,2012,False,C1V0_not_C1V2,216,1,0,1,0,0,0,0
360417,7276,250,2010,2011,2012,False,C1V0_not_C1V2,217,2,0,2,0,0,0,0
360417,7277,250,2010,2011,2012,False,C1V0_not_C1V2,219,0,0,0,0,0,0,0
360417,7278,250,2010,2011,2012,False,C1V0_not_C1V2,218,0,0,0,0,0,0,0
360417,7279,250,2010,2011,2012,False,C1V0_not_C1V2,220,0,0,0,0,0,0,0
360417,7280,250,2010,2011,2012,False,C1V0_not_C1V2,220,1,0,1,0,0,0,0
360417,7271,250,2011,2012,2013,False,C1V0_not_C1V2,217,0,0,0,0,0,0,0
360417,7272,250,2011,2012,2013,False,C1V0_not_C1V2,221,0,0,0,0,0,0,0
360417,7273,250,2011,2012,2013,False,C1V0_not_C1V2,218,0,0,0,0,0,0,0
360417,7274,250,2011,2012,2013,False,C1V0_not_C1V2,218,1,0,1,0,0,0,0
360417,7275,250,2011,2012,2013,False,C1V0_not_C1V2,216,1,1,0,0,0,0,0
360417,7276,250,2011,2012,2013,False,C1V0_not_C1V2,217,0,0,0,0,0,0,0
360417,7277,250,2011,2012,2013,False,C1V0_not_C1V2,219,0,0,0,0,0,0,0
360417,7278,250,2011,2012,2013,False,C1V0_not_C1V2,218,0,0,0,0,0,0,0
360417,7279,250,2011,2012,2013,False,C1V0_not_C1V2,220,0,0,0,0,0,0,0
360417,7280,250,2011,2012,2013,False,C1V0_not_C1V2,220,9,0,9,0,5,0,5
360417,7271,250,2012,2013,2014,False,C1V0_not_C1V2,217,0,0,0,0,0,0,0
360417,7272,250,2012,2013,2014,False,C1V0_not_C1V2,221,0,0,0,0,0,0,0
360417,7273,250,2012,2013,2014,False,C1V0_not_C1V2,218,0,0,0,0,0,0,0
360417,7274,250,2012,2013,2014,False,C1V0_not_C1V2,218,0,0,0,0,0,0,0
360417,7275,250,2012,2013,2014,False,C1V0_not_C1V2,216,3,0,3,0,0,0,0
360417,7276,250,2012,2013,2014,False,C1V0_not_C1V2,217,1,0,1,0,1,0,1
360417,7277,250,2012,2013,2014,False,C1V0_not_C1V2,219,0,0,0,0,0,0,0
360417,7278,250,2012,2013,2014,False,C1V0_not_C1V2,218,0,0,0,0,0,0,0
360417,7279,250,2012,2013,2014,False,C1V0_not_C1V2,220,0,0,0,0,0,0,0
360417,7280,250,2012,2013,2014,False,C1V0_not_C1V2,220,2,0,2,0,0,0,0
360417,7271,250,2013,2014,2015,False,C1V0_not_C1V2,217,7,0,7,0,4,0,4
360417,7272,250,2013,2014,2015,False,C1V0_not_C1V2,221,0,0,0,0,0,0,0
360417,7273,250,2013,2014,2015,False,C1V0_not_C1V2,218,0,0,0,0,0,0,0
360417,7274,250,2013,2014,2015,False,C1V0_not_C1V2,218,0,0,0,0,0,0,0
360417,7275,250,2013,2014,2015,False,C1V0_not_C1V2,216,0,0,0,0,0,0,0
360417,7276,250,2013,2014,2015,False,C1V0_not_C1V2,217,0,0,0,0,0,0,0
360417,7277,250,2013,2014,2015,False,C1V0_not_C1V2,219,0,0,0,0,0,0,0
360417,7278,250,2013,2014,2015,False,C1V0_not_C1V2,218,0,0,0,0,0,0,0
360417,7279,250,2013,2014,2015,False,C1V0_not_C1V2,220,0,0,0,0,0,0,0
360417,7280,250,2013,2014,2015,False,C1V0_not_C1V2,220,2,0,2,0,1,0,1
360417,7271,1000,2001,2002,2003,False,C1V0_not_C1V2,3489,3,1,2,0,1,1,0
360417,7272,1000,2001,2002,2003,False,C1V0_not_C1V2,3505,9,4,5,0,0,0,0
360417,7273,1000,2001,2002,2003,False,C1V0_not_C1V2,3491,20,4,16,0,7,0,7
360417,7274,1000,2001,2002,2003,False,C1V0_not_C1V2,3491,8,1,7,0,0,0,0
360417,7275,1000,2001,2002,2003,False,C1V0_not_C1V2,3489,1,0,1,0,0,0,0
360417,7276,1000,2001,2002,2003,False,C1V0_not_C1V2,3488,1,0,1,0,0,0,0
360417,7277,1000,2001,2002,2003,False,C1V0_not_C1V2,3491,1,1,0,0,0,0,0
360417,7278,1000,2001,2002,2003,False,C1V0_not_C1V2,3489,2,1,1,0,0,0,0
360417,7279,1000,2001,2002,2003,False,C1V0_not_C1V2,3493,0,0,0,0,0,0,0
360417,7280,1000,2001,2002,2003,False,C1V0_not_C1V2,3492,1,0,1,0,0,0,0
360417,7271,1000,2002,2003,2004,False,C1V0_not_C1V2,3489,5,1,4,0,1,0,1
360417,7272,1000,2002,2003,2004,False,C1V0_not_C1V2,3505,8,0,8,0,0,0,0
360417,7273,1000,2002,2003,2004,False,C1V0_not_C1V2,3491,12,0,12,0,0,0,0
360417,7274,1000,2002,2003,2004,False,C1V0_not_C1V2,3491,4,2,2,0,0,0,0
360417,7275,1000,2002,2003,2004,False,C1V0_not_C1V2,3489,1,0,1,0,0,0,0
360417,7276,1000,2002,2003,2004,False,C1V0_not_C1V2,3488,1,0,1,0,0,0,0
360417,7277,1000,2002,2003,2004,False,C1V0_not_C1V2,3491,3,2,1,0,2,2,0
360417,7278,1000,2002,2003,2004,False,C1V0_not_C1V2,3489,3,0,3,0,0,0,0
360417,7279,1000,2002,2003,2004,False,C1V0_not_C1V2,3493,2,0,2,0,0,0,0
360417,7280,1000,2002,2003,2004,False,C1V0_not_C1V2,3492,1,1,0,0,0,0,0
360417,7271,1000,2003,2004,2005,False,C1V0_not_C1V2,3489,5,0,5,0,1,0,1
360417,7272,1000,2003,2004,2005,False,C1V0_not_C1V2,3505,5,0,5,0,0,0,0
360417,7273,1000,2003,2004,2005,False,C1V0_not_C1V2,3491,6,0,6,0,0,0,0
360417,7274,1000,2003,2004,2005,False,C1V0_not_C1V2,3491,7,1,6,0,0,0,0
360417,7275,1000,2003,2004,2005,False,C1V0_not_C1V2,3489,4,0,4,0,0,0,0
360417,7276,1000,2003,2004,2005,False,C1V0_not_C1V2,3488,0,0,0,0,0,0,0
360417,7277,1000,2003,2004,2005,False,C1V0_not_C1V2,3491,4,1,3,0,0,0,0
360417,7278,1000,2003,2004,2005,False,C1V0_not_C1V2,3489,0,0,0,0,0,0,0
360417,7279,1000,2003,2004,2005,False,C1V0_not_C1V2,3493,0,0,0,0,0,0,0
360417,7280,1000,2003,2004,2005,False,C1V0_not_C1V2,3492,11,0,11,0,6,0,6
360417,7271,1000,2004,2005,2006,False,C1V0_not_C1V2,3489,5,1,4,0,0,0,0
360417,7272,1000,2004,2005,2006,False,C1V0_not_C1V2,3505,2,1,1,0,0,0,0
360417,7273,1000,2004,2005,2006,False,C1V0_not_C1V2,3491,5,1,4,0,0,0,0
360417,7274,1000,2004,2005,2006,False,C1V0_not_C1V2,3491,6,0,6,0,2,0,2
360417,7275,1000,2004,2005,2006,False,C1V0_not_C1V2,3489,6,1,5,0,0,0,0
360417,7276,1000,2004,2005,2006,False,C1V0_not_C1V2,3488,3,1,2,0,0,0,0
360417,7277,1000,2004,2005,2006,False,C1V0_not_C1V2,3491,1,0,1,0,0,0,0
360417,7278,1000,2004,2005,2006,False,C1V0_not_C1V2,3489,2,0,2,0,0,0,0
360417,7279,1000,2004,2005,2006,False,C1V0_not_C1V2,3493,3,0,3,0,0,0,0
360417,7280,1000,2004,2005,2006,False,C1V0_not_C1V2,3492,2,1,1,0,0,0,0
360417,7271,1000,2005,2006,2007,False,C1V0_not_C1V2,3489,7,2,5,0,0,0,0
360417,7272,1000,2005,2006,2007,False,C1V0_not_C1V2,3505,8,4,4,0,0,0,0
360417,7273,1000,2005,2006,2007,False,C1V0_not_C1V2,3491,7,4,3,0,0,0,0
360417,7274,1000,2005,2006,2007,False,C1V0_not_C1V2,3491,1,0,1,0,0,0,0
360417,7275,1000,2005,2006,2007,False,C1V0_not_C1V2,3489,8,3,5,0,0,0,0
360417,7276,1000,2005,2006,2007,False,C1V0_not_C1V2,3488,6,3,3,0,0,0,0
360417,7277,1000,2005,2006,2007,False,C1V0_not_C1V2,3491,1,0,1,0,0,0,0
360417,7278,1000,2005,2006,2007,False,C1V0_not_C1V2,3489,5,1,4,0,0,0,0
360417,7279,1000,2005,2006,2007,False,C1V0_not_C1V2,3493,20,0,20,0,18,0,18
360417,7280,1000,2005,2006,2007,False,C1V0_not_C1V2,3492,34,1,33,0,29,0,29
360417,7271,1000,2006,2007,2008,False,C1V0_not_C1V2,3489,5,2,3,0,1,0,1
360417,7272,1000,2006,2007,2008,False,C1V0_not_C1V2,3505,9,0,9,0,0,0,0
360417,7273,1000,2006,2007,2008,False,C1V0_not_C1V2,3491,8,0,8,0,0,0,0
360417,7274,1000,2006,2007,2008,False,C1V0_not_C1V2,3491,0,0,0,0,0,0,0
360417,7275,1000,2006,2007,2008,False,C1V0_not_C1V2,3489,6,0,6,0,0,0,0
360417,7276,1000,2006,2007,2008,False,C1V0_not_C1V2,3488,6,0,6,0,0,0,0
360417,7277,1000,2006,2007,2008,False,C1V0_not_C1V2,3491,2,0,2,0,1,0,1
360417,7278,1000,2006,2007,2008,False,C1V0_not_C1V2,3489,1,0,1,0,0,0,0
360417,7279,1000,2006,2007,2008,False,C1V0_not_C1V2,3493,6,0,6,0,6,0,6
360417,7280,1000,2006,2007,2008,False,C1V0_not_C1V2,3492,4,1,3,0,3,1,2
360417,7271,1000,2007,2008,2009,False,C1V0_not_C1V2,3489,7,1,6,0,1,1,0
360417,7272,1000,2007,2008,2009,False,C1V0_not_C1V2,3505,8,0,8,0,0,0,0
360417,7273,1000,2007,2008,2009,False,C1V0_not_C1V2,3491,12,0,12,0,0,0,0
360417,7274,1000,2007,2008,2009,False,C1V0_not_C1V2,3491,4,0,4,0,1,0,1
360417,7275,1000,2007,2008,2009,False,C1V0_not_C1V2,3489,0,0,0,0,0,0,0
360417,7276,1000,2007,2008,2009,False,C1V0_not_C1V2,3488,0,0,0,0,0,0,0
360417,7277,1000,2007,2008,2009,False,C1V0_not_C1V2,3491,2,0,2,0,1,0,1
360417,7278,1000,2007,2008,2009,False,C1V0_not_C1V2,3489,3,0,3,0,1,0,1
360417,7279,1000,2007,2008,2009,False,C1V0_not_C1V2,3493,7,0,7,0,3,0,3
360417,7280,1000,2007,2008,2009,False,C1V0_not_C1V2,3492,6,0,6,0,1,0,1
360417,7271,1000,2008,2009,2010,False,C1V0_not_C1V2,3489,7,3,4,0,0,0,0
360417,7272,1000,2008,2009,2010,False,C1V0_not_C1V2,3505,3,0,3,0,0,0,0
360417,7273,1000,2008,2009,2010,False,C1V0_not_C1V2,3491,4,0,4,0,0,0,0
360417,7274,1000,2008,2009,2010,False,C1V0_not_C1V2,3491,4,1,3,0,0,0,0
360417,7275,1000,2008,2009,2010,False,C1V0_not_C1V2,3489,2,1,1,0,0,0,0
360417,7276,1000,2008,2009,2010,False,C1V0_not_C1V2,3488,2,1,1,0,0,0,0
360417,7277,1000,2008,2009,2010,False,C1V0_not_C1V2,3491,2,1,1,0,0,0,0
360417,7278,1000,2008,2009,2010,False,C1V0_not_C1V2,3489,1,0,1,0,0,0,0
360417,7279,1000,2008,2009,2010,False,C1V0_not_C1V2,3493,3,1,2,0,1,1,0
360417,7280,1000,2008,2009,2010,False,C1V0_not_C1V2,3492,2,1,1,0,1,0,1
360417,7271,1000,2009,2010,2011,False,C1V0_not_C1V2,3489,10,2,8,0,0,0,0
360417,7272,1000,2009,2010,2011,False,C1V0_not_C1V2,3505,1,0,1,0,0,0,0
360417,7273,1000,2009,2010,2011,False,C1V0_not_C1V2,3491,9,0,9,0,2,0,2
360417,7274,1000,2009,2010,2011,False,C1V0_not_C1V2,3491,9,1,8,0,2,0,2
360417,7275,1000,2009,2010,2011,False,C1V0_not_C1V2,3489,4,1,3,0,0,0,0
360417,7276,1000,2009,2010,2011,False,C1V0_not_C1V2,3488,4,1,3,0,0,0,0
360417,7277,1000,2009,2010,2011,False,C1V0_not_C1V2,3491,2,0,2,0,1,0,1
360417,7278,1000,2009,2010,2011,False,C1V0_not_C1V2,3489,2,0,2,0,0,0,0
360417,7279,1000,2009,2010,2011,False,C1V0_not_C1V2,3493,2,0,2,0,0,0,0
360417,7280,1000,2009,2010,2011,False,C1V0_not_C1V2,3492,2,1,1,0,1,0,1
360417,7271,1000,2010,2011,2012,False,C1V0_not_C1V2,3489,2,1,1,0,0,0,0
360417,7272,1000,2010,2011,2012,False,C1V0_not_C1V2,3505,3,1,2,0,0,0,0
360417,7273,1000,2010,2011,2012,False,C1V0_not_C1V2,3491,8,1,7,0,0,0,0
360417,7274,1000,2010,2011,2012,False,C1V0_not_C1V2,3491,7,0,7,0,0,0,0
360417,7275,1000,2010,2011,2012,False,C1V0_not_C1V2,3489,4,0,4,0,1,0,1
360417,7276,1000,2010,2011,2012,False,C1V0_not_C1V2,3488,4,0,4,0,1,0,1
360417,7277,1000,2010,2011,2012,False,C1V0_not_C1V2,3491,1,0,1,0,1,0,1
360417,7278,1000,2010,2011,2012,False,C1V0_not_C1V2,3489,1,1,0,0,0,0,0
360417,7279,1000,2010,2011,2012,False,C1V0_not_C1V2,3493,2,0,2,0,0,0,0
360417,7280,1000,2010,2011,2012,False,C1V0_not_C1V2,3492,5,1,4,0,0,0,0
360417,7271,1000,2011,2012,2013,False,C1V0_not_C1V2,3489,14,5,9,0,1,0,1
360417,7272,1000,2011,2012,2013,False,C1V0_not_C1V2,3505,7,2,5,0,0,0,0
360417,7273,1000,2011,2012,2013,False,C1V0_not_C1V2,3491,13,3,10,0,1,0,1
360417,7274,1000,2011,2012,2013,False,C1V0_not_C1V2,3491,13,1,12,0,2,0,2
360417,7275,1000,2011,2012,2013,False,C1V0_not_C1V2,3489,4,1,2,1,3,0,3
360417,7276,1000,2011,2012,2013,False,C1V0_not_C1V2,3488,9,1,8,0,3,0,3
360417,7277,1000,2011,2012,2013,False,C1V0_not_C1V2,3491,47,1,45,1,20,0,20
360417,7278,1000,2011,2012,2013,False,C1V0_not_C1V2,3489,3,1,2,0,0,0,0
360417,7279,1000,2011,2012,2013,False,C1V0_not_C1V2,3493,7,0,7,0,3,0,3
360417,7280,1000,2011,2012,2013,False,C1V0_not_C1V2,3492,43,2,40,1,30,0,30
360417,7271,1000,2012,2013,2014,False,C1V0_not_C1V2,3489,60,2,57,1,2,0,2
360417,7272,1000,2012,2013,2014,False,C1V0_not_C1V2,3505,29,0,29,0,0,0,0
360417,7273,1000,2012,2013,2014,False,C1V0_not_C1V2,3491,38,2,35,1,9,2,7
360417,7274,1000,2012,2013,2014,False,C1V0_not_C1V2,3491,9,0,9,0,1,0,1
360417,7275,1000,2012,2013,2014,False,C1V0_not_C1V2,3489,6,0,6,0,1,0,1
360417,7276,1000,2012,2013,2014,False,C1V0_not_C1V2,3488,5,0,5,0,1,0,1
360417,7277,1000,2012,2013,2014,False,C1V0_not_C1V2,3491,3,0,3,0,0,0,0
360417,7278,1000,2012,2013,2014,False,C1V0_not_C1V2,3489,1,0,1,0,0,0,0
360417,7279,1000,2012,2013,2014,False,C1V0_not_C1V2,3493,3,0,3,0,0,0,0
360417,7280,1000,2012,2013,2014,False,C1V0_not_C1V2,3492,11,0,11,0,0,0,0
360417,7271,1000,2013,2014,2015,False,C1V0_not_C1V2,3489,72,3,69,0,7,1,6
360417,7272,1000,2013,2014,2015,False,C1V0_not_C1V2,3505,8,2,6,0,0,0,0
360417,7273,1000,2013,2014,2015,False,C1V0_not_C1V2,3491,25,2,23,0,2,0,2
360417,7274,1000,2013,2014,2015,False,C1V0_not_C1V2,3491,15,1,14,0,3,0,3
360417,7275,1000,2013,2014,2015,False,C1V0_not_C1V2,3489,6,1,5,0,4,0,4
360417,7276,1000,2013,2014,2015,False,C1V0_not_C1V2,3488,4,0,4,0,3,0,3
360417,7277,1000,2013,2014,2015,False,C1V0_not_C1V2,3491,9,0,9,0,2,0,2
360417,7278,1000,2013,2014,2015,False,C1V0_not_C1V2,3489,3,0,3,0,2,0,2
360417,7279,1000,2013,2014,2015,False,C1V0_not_C1V2,3493,7,1,6,0,1,0,1
360417,7280,1000,2013,2014,2015,False,C1V0_not_C1V2,3492,8,0,8,0,2,0,2
