stop_number,site_id,radius_m,original_center_forest_pct_2004,original_center_forest_pct_2009,original_center_forest_pct_2014,original_center_net_forest_delta_pp_2004_2014,original_center_change_pixels_2004_2014,original_center_forest_loss_pixels_2004_2014,original_center_forest_gain_pixels_2004_2014,original_center_forest_to_agri_pixels_2004_2014,original_center_forest_to_developed_pixels_2004_2014,delta_min_6m_pp,delta_max_6m_pp,all_negative_6m,all_nonpositive_6m,all_positive_6m,all_zero_6m,changed_pixels_range_6m,delta_min_15m_pp,delta_max_15m_pp,all_negative_15m,all_nonpositive_15m,all_positive_15m,all_zero_15m,changed_pixels_range_15m,delta_min_30m_pp,delta_max_30m_pp,all_negative_30m,all_nonpositive_30m,all_positive_30m,all_zero_30m,changed_pixels_range_30m
1,7271,250,27.1889400921659,27.1889400921659,25.34562211981567,-1.8433179723502304,11,4,0,3,1,-1.8779342723004695,-1.8099547511312217,True,True,False,False,10-11,-1.8518518518518519,-1.8181818181818181,True,True,False,False,10-12,-1.8691588785046729,-1.8181818181818181,True,True,False,False,10-12
2,7272,250,0.45248868778280543,0.45248868778280543,0.45248868778280543,0.0,38,0,0,0,0,0.0,0.0,False,True,False,True,37-38,0.0,0.0,False,True,False,True,35-39,0.0,0.0,False,True,False,True,31-41
3,7273,250,16.972477064220183,16.972477064220183,16.972477064220183,0.0,0,0,0,0,0,0.0,0.0,False,True,False,True,0-0,0.0,0.0,False,True,False,True,0-0,0.0,0.0,False,True,False,True,0-0
4,7274,250,4.128440366972477,4.128440366972477,4.128440366972477,0.0,7,0,0,0,0,0.0,0.0,False,True,False,True,6-7,0.0,0.0,False,True,False,True,6-7,0.0,0.0,False,True,False,True,5-7
5,7275,250,2.314814814814815,2.314814814814815,2.314814814814815,0.0,2,0,0,0,0,0.0,0.0,False,True,False,True,2-2,0.0,0.0,False,True,False,True,2-2,0.0,0.0,False,True,False,True,2-2
6,7276,250,13.824884792626728,14.746543778801843,14.285714285714286,0.4608294930875576,13,1,2,1,0,0.45248868778280543,0.4694835680751174,False,False,True,False,13-13,0.45248868778280543,0.4608294930875576,False,False,True,False,13-14,0.45248868778280543,0.4694835680751174,False,False,True,False,12-14
7,7277,250,2.73972602739726,2.73972602739726,2.73972602739726,0.0,6,0,0,0,0,0.0,0.0,False,True,False,True,6-7,0.0,0.0,False,True,False,True,5-8,0.0,0.0,False,True,False,True,4-9
8,7278,250,0.0,0.0,0.0,0.0,5,0,0,0,0,0.0,0.0,False,True,False,True,5-6,0.0,0.0,False,True,False,True,5-6,0.0,0.0,False,True,False,True,5-6
9,7279,250,5.909090909090909,5.909090909090909,5.909090909090909,0.0,1,0,0,0,0,0.0,0.0,False,True,False,True,1-1,0.0,0.0,False,True,False,True,1-1,0.0,0.0,False,True,False,True,1-2
10,7280,250,12.727272727272727,8.181818181818182,5.454545454545454,-7.2727272727272725,20,17,1,12,0,-7.339449541284404,-6.8493150684931505,True,True,False,False,19-20,-7.407407407407407,-6.306306306306307,True,True,False,False,17-21,-7.4766355140186915,-5.47945205479452,True,True,False,False,14-21
1,7271,1000,11.980510174835196,12.037833190025795,11.837202636858699,-0.14330753797649756,281,8,3,7,1,-0.14359563469270534,-0.143143429716576,True,True,False,False,280-283,-0.1434308663224326,-0.1430615164520744,True,True,False,False,278-284,-0.1434308663224326,-0.1429796968830426,True,True,False,False,275-283
2,7272,1000,8.530670470756062,8.530670470756062,8.559201141226819,0.028530670470756064,269,0,1,0,0,0.02861230329041488,0.0286286859433152,False,False,True,False,268-269,0.02865329512893983,0.02870264064293915,False,False,True,False,267-270,0.028530670470756064,0.028669724770642203,False,False,True,False,266-272
3,7273,1000,16.72873102262962,16.78602119736465,16.614150673159553,-0.11458034947006589,192,11,7,10,0,-0.11484352569623887,-0.1145147437732608,True,True,False,False,191-195,-0.11474469305794607,-0.11435105774728416,True,True,False,False,191-197,-0.1148105625717566,-0.11431837667905116,True,True,False,False,188-199
4,7274,1000,16.700085935262102,16.671440847894587,16.528215411057005,-0.17187052420509882,194,9,3,7,2,-0.17221584385763491,-0.17167381974248927,True,True,False,False,190-199,-0.17221584385763491,-0.17123287671232876,True,True,False,False,190-199,-0.2007456266131345,-0.17118402282453637,True,True,False,False,185-204
5,7275,1000,8.340498710232158,8.397821725422757,8.19719117225566,-0.14330753797649756,129,8,3,8,0,-0.1435544071202986,-0.14310246136233543,True,True,False,False,129-131,-0.1434308663224326,-0.14310246136233543,True,True,False,False,127-134,-0.143348623853211,-0.14310246136233543,True,True,False,False,123-140
6,7276,1000,11.955275229357799,12.012614678899082,11.783256880733944,-0.1720183486238532,121,8,2,8,0,-0.1723147616312464,-0.17172295363480253,True,True,False,False,119-125,-0.1720676799541153,-0.1713796058269066,True,True,False,False,116-126,-0.1721170395869191,-0.17133066818960593,True,True,False,False,112-131
7,7277,1000,11.801775995416786,11.77313090804927,11.171584073331424,-0.6301919220853623,205,22,0,3,0,-0.6307339449541285,-0.5738880918220947,True,True,False,False,202-206,-0.6310958118187033,-0.5448809865213651,True,True,False,False,202-207,-0.7447722715554282,-0.5434782608695652,True,True,False,False,200-208
8,7278,1000,4.213241616509029,4.184580108913729,4.12725709372313,-0.08598452278589853,167,3,0,3,0,-0.08610792192881746,-0.08586147681740126,True,True,False,False,165-169,-0.08608321377331421,-0.08576329331046312,True,True,False,False,163-172,-0.08598452278589853,-0.05732301519059903,True,True,False,False,157-173
9,7279,1000,11.107930146006298,10.334955625536788,10.249069567706842,-0.8588605782994561,141,31,1,26,0,-0.8892713711990821,-0.8581235697940504,True,True,False,False,139-143,-0.8902929350947731,-0.8016032064128257,True,True,False,False,137-144,-0.8879977083930106,-0.7443458345261953,True,True,False,False,135-145
10,7280,1000,17.583046964490265,16.75257731958763,15.86483390607102,-1.7182130584192439,224,64,4,46,0,-1.7191977077363896,-1.6852327906312483,True,True,False,False,220-225,-1.8030910131654265,-1.6323024054982818,True,True,False,False,218-225,-1.8036072144288577,-1.5772870662460567,True,True,False,False,217-233
