county_code,county_name,wfts_route_prefix
01,Adams,1
02,Ashland,2
03,Barron,3
04,Bayfield,4
05,Brown,5
06,Buffalo,6
07,Burnett,7
08,Calumet,8
09,Chippewa,9
10,Clark,10
11,Columbia,11
12,Crawford,12
13,Dane,13
14,Dodge,14
15,Door,15
16,Douglas,16
17,Dunn,17
18,Eau Claire,18
19,Florence,19
20,Fond du Lac,20
21,Forest,21
22,Grant,22
23,Green,23
24,Green Lake,24
25,Iowa,25
26,Iron,26
27,Jackson,27
28,Jefferson,28
29,Juneau,29
30,Kenosha,30
31,Kewaunee,31
32,La Crosse,32
33,Lafayette,33
34,Langlade,34
35,Lincoln,35
36,Manitowoc,36
37,Marathon,37
38,Marinette,38
39,Marquette,39
40,Menominee,40
41,Milwaukee,41
42,Monroe,42
43,Oconto,43
44,Oneida,44
45,Outagamie,45
46,Ozaukee,46
47,Pepin,47
48,Pierce,48
49,Polk,49
50,Portage,50
51,Price,51
52,Racine,52
53,Richland,53
54,Rock,54
55,Rusk,55
56,St. Croix,56
57,Sauk,57
58,Sawyer,58
59,Shawano,59
60,Sheboygan,60
61,Taylor,61
62,Trempealeau,62
63,Vernon,63
64,Vilas,64
65,Walworth,65
66,Washburn,66
67,Washington,67
68,Waukesha,68
69,Waupaca,69
70,Waushara,70
71,Winnebago,71
72,Wood,72
