state,route_id,year,prior5_temp_anom_c,prior5_precip_ratio,fullperiod_temp_slope_c_decade,fullperiod_precip_slope_mm_decade
Delaware,Delaware:211202,2001,0.131293,1.104091,0.277781,53.35
Delaware,Delaware:211202,2002,0.273055,1.042418,0.277781,53.35
Delaware,Delaware:211202,2003,0.462959,1.066391,0.277781,53.35
Delaware,Delaware:211202,2004,0.178614,1.150043,0.277781,53.35
Delaware,Delaware:211202,2005,0.127855,1.129326,0.277781,53.35
Delaware,Delaware:211202,2006,0.258016,1.114268,0.277781,53.35
Delaware,Delaware:211202,2007,0.450989,1.139298,0.277781,53.35
Delaware,Delaware:211202,2008,0.378882,1.093045,0.277781,53.35
Delaware,Delaware:211202,2009,0.524641,1.000957,0.277781,53.35
Delaware,Delaware:211202,2010,0.472984,1.073367,0.277781,53.35
Delaware,Delaware:211202,2011,0.566567,1.048384,0.277781,53.35
Delaware,Delaware:211202,2012,0.609912,1.041448,0.277781,53.35
Delaware,Delaware:211202,2013,0.836142,1.057151,0.277781,53.35
Delaware,Delaware:211202,2014,0.788049,1.0959,0.277781,53.35
Delaware,Delaware:211202,2015,0.697296,1.03081,0.277781,53.35
Indiana,Indiana:350209,2001,0.091187,0.990002,0.138505,19.55
Indiana,Indiana:350209,2002,0.412308,0.996683,0.138505,19.55
Indiana,Indiana:350209,2003,0.674932,1.027735,0.138505,19.55
Indiana,Indiana:350209,2004,0.264866,0.994746,0.138505,19.55
Indiana,Indiana:350209,2005,0.164776,1.004742,0.138505,19.55
Indiana,Indiana:350209,2006,0.298382,0.976363,0.138505,19.55
Indiana,Indiana:350209,2007,0.373195,0.995774,0.138505,19.55
Indiana,Indiana:350209,2008,0.43342,0.995459,0.138505,19.55
Indiana,Indiana:350209,2009,0.394445,1.059829,0.138505,19.55
Indiana,Indiana:350209,2010,0.287266,1.093708,0.138505,19.55
Indiana,Indiana:350209,2011,0.262387,1.076477,0.138505,19.55
Indiana,Indiana:350209,2012,0.212518,1.103094,0.138505,19.55
Indiana,Indiana:350209,2013,0.372675,1.052441,0.138505,19.55
Indiana,Indiana:350209,2014,0.372201,1.030612,0.138505,19.55
Indiana,Indiana:350209,2015,0.120628,1.011534,0.138505,19.55
Kentucky,Kentucky:390103,2001,0.058558,1.057804,0.116187,53.852632
Kentucky,Kentucky:390103,2002,0.387032,0.984701,0.116187,53.852632
Kentucky,Kentucky:390103,2003,0.690098,1.013282,0.116187,53.852632
Kentucky,Kentucky:390103,2004,0.323892,1.018961,0.116187,53.852632
Kentucky,Kentucky:390103,2005,0.20824,1.100422,0.116187,53.852632
Kentucky,Kentucky:390103,2006,0.312816,1.053574,0.116187,53.852632
Kentucky,Kentucky:390103,2007,0.247465,1.12136,0.116187,53.852632
Kentucky,Kentucky:390103,2008,0.25564,1.086555,0.116187,53.852632
Kentucky,Kentucky:390103,2009,0.255345,1.097741,0.116187,53.852632
Kentucky,Kentucky:390103,2010,0.150186,1.094295,0.116187,53.852632
Kentucky,Kentucky:390103,2011,0.099961,1.086174,0.116187,53.852632
Kentucky,Kentucky:390103,2012,0.139865,1.093189,0.116187,53.852632
Kentucky,Kentucky:390103,2013,0.263673,1.083016,0.116187,53.852632
Kentucky,Kentucky:390103,2014,0.34806,1.07182,0.116187,53.852632
Kentucky,Kentucky:390103,2015,0.295854,1.028972,0.116187,53.852632
Maine,Maine:440516,2001,0.474568,0.970108,0.272117,91.7875
Maine,Maine:440516,2002,0.656741,0.863959,0.272117,91.7875
Maine,Maine:440516,2003,0.80376,0.905283,0.272117,91.7875
Maine,Maine:440516,2004,0.55659,0.912652,0.272117,91.7875
Maine,Maine:440516,2005,0.109703,0.882252,0.272117,91.7875
Maine,Maine:440516,2006,0.107508,0.955509,0.272117,91.7875
Maine,Maine:440516,2007,0.274673,1.076373,0.272117,91.7875
Maine,Maine:440516,2008,0.20461,1.074824,0.272117,91.7875
Maine,Maine:440516,2009,0.377475,1.13311,0.272117,91.7875
Maine,Maine:440516,2010,0.523963,1.232046,0.272117,91.7875
Maine,Maine:440516,2011,0.843168,1.228882,0.272117,91.7875
Maine,Maine:440516,2012,0.714853,1.205394,0.272117,91.7875
Maine,Maine:440516,2013,1.030489,1.218839,0.272117,91.7875
Maine,Maine:440516,2014,0.97884,1.177809,0.272117,91.7875
Maine,Maine:440516,2015,0.951741,1.192503,0.272117,91.7875
Maryland,Maryland:460307,2001,0.087497,1.082845,0.192644,45.86
Maryland,Maryland:460307,2002,0.231629,1.020927,0.192644,45.86
Maryland,Maryland:460307,2003,0.479642,1.0095,0.192644,45.86
Maryland,Maryland:460307,2004,0.188393,1.099574,0.192644,45.86
Maryland,Maryland:460307,2005,0.107779,1.105606,0.192644,45.86
Maryland,Maryland:460307,2006,0.197859,1.093855,0.192644,45.86
Maryland,Maryland:460307,2007,0.373045,1.138934,0.192644,45.86
Maryland,Maryland:460307,2008,0.294251,1.127817,0.192644,45.86
Maryland,Maryland:460307,2009,0.403903,1.033773,0.192644,45.86
Maryland,Maryland:460307,2010,0.332089,1.074675,0.192644,45.86
Maryland,Maryland:460307,2011,0.406977,1.064517,0.192644,45.86
Maryland,Maryland:460307,2012,0.425719,1.050897,0.192644,45.86
Maryland,Maryland:460307,2013,0.627779,1.064795,0.192644,45.86
Maryland,Maryland:460307,2014,0.563385,1.101557,0.192644,45.86
Maryland,Maryland:460307,2015,0.458292,1.033456,0.192644,45.86
Mississippi,Mississippi:510218,2001,0.213801,0.948975,0.128189,10.033333
Mississippi,Mississippi:510218,2002,0.317354,0.972649,0.128189,10.033333
Mississippi,Mississippi:510218,2003,0.410475,0.990974,0.128189,10.033333
Mississippi,Mississippi:510218,2004,0.215823,0.971146,0.128189,10.033333
Mississippi,Mississippi:510218,2005,0.148409,1.044259,0.128189,10.033333
Mississippi,Mississippi:510218,2006,0.15271,1.145436,0.128189,10.033333
Mississippi,Mississippi:510218,2007,0.286283,1.103645,0.128189,10.033333
Mississippi,Mississippi:510218,2008,0.341327,1.00851,0.128189,10.033333
Mississippi,Mississippi:510218,2009,0.332938,0.950906,0.128189,10.033333
Mississippi,Mississippi:510218,2010,0.369255,0.970793,0.128189,10.033333
Mississippi,Mississippi:510218,2011,0.226521,0.941002,0.128189,10.033333
Mississippi,Mississippi:510218,2012,0.134724,0.913693,0.128189,10.033333
Mississippi,Mississippi:510218,2013,0.232683,0.983389,0.128189,10.033333
Mississippi,Mississippi:510218,2014,0.215099,1.013277,0.128189,10.033333
Mississippi,Mississippi:510218,2015,0.02474,0.965212,0.128189,10.033333
NewJersey,NewJersey:591505,2001,0.178694,1.008545,0.254882,-3.645455
NewJersey,NewJersey:591505,2002,0.342568,0.901884,0.254882,-3.645455
NewJersey,NewJersey:591505,2003,0.505472,0.906513,0.254882,-3.645455
NewJersey,NewJersey:591505,2004,0.051428,0.978422,0.254882,-3.645455
NewJersey,NewJersey:591505,2005,-0.045676,0.986108,0.254882,-3.645455
NewJersey,NewJersey:591505,2006,0.139423,0.996393,0.254882,-3.645455
NewJersey,NewJersey:591505,2007,0.392855,1.064385,0.254882,-3.645455
NewJersey,NewJersey:591505,2008,0.387171,1.095241,0.254882,-3.645455
NewJersey,NewJersey:591505,2009,0.60768,1.050815,0.254882,-3.645455
NewJersey,NewJersey:591505,2010,0.576754,1.061043,0.254882,-3.645455
NewJersey,NewJersey:591505,2011,0.713486,1.049546,0.254882,-3.645455
NewJersey,NewJersey:591505,2012,0.642171,1.108453,0.254882,-3.645455
NewJersey,NewJersey:591505,2013,0.876705,1.059244,0.254882,-3.645455
NewJersey,NewJersey:591505,2014,0.85165,1.052164,0.254882,-3.645455
NewJersey,NewJersey:591505,2015,0.785351,1.033719,0.254882,-3.645455
NorthCarolina,NorthCarolina:630114,2001,0.033074,1.006756,0.1528,-17.866667
NorthCarolina,NorthCarolina:630114,2002,0.195126,0.939135,0.1528,-17.866667
NorthCarolina,NorthCarolina:630114,2003,0.407022,0.952233,0.1528,-17.866667
NorthCarolina,NorthCarolina:630114,2004,0.140685,1.005348,0.1528,-17.866667
NorthCarolina,NorthCarolina:630114,2005,0.091068,0.956196,0.1528,-17.866667
NorthCarolina,NorthCarolina:630114,2006,0.224189,0.958256,0.1528,-17.866667
NorthCarolina,NorthCarolina:630114,2007,0.248948,1.02639,0.1528,-17.866667
NorthCarolina,NorthCarolina:630114,2008,0.278107,0.982341,0.1528,-17.866667
NorthCarolina,NorthCarolina:630114,2009,0.342808,0.922624,0.1528,-17.866667
NorthCarolina,NorthCarolina:630114,2010,0.281701,0.936449,0.1528,-17.866667
NorthCarolina,NorthCarolina:630114,2011,0.238904,0.924732,0.1528,-17.866667
NorthCarolina,NorthCarolina:630114,2012,0.305304,0.859886,0.1528,-17.866667
NorthCarolina,NorthCarolina:630114,2013,0.293458,0.879275,0.1528,-17.866667
NorthCarolina,NorthCarolina:630114,2014,0.184189,0.904608,0.1528,-17.866667
NorthCarolina,NorthCarolina:630114,2015,0.1398,0.918315,0.1528,-17.866667
Pennsylvania,Pennsylvania:720106,2001,0.208279,1.076965,0.156307,70.7375
Pennsylvania,Pennsylvania:720106,2002,0.462429,1.004153,0.156307,70.7375
Pennsylvania,Pennsylvania:720106,2003,0.775876,1.033212,0.156307,70.7375
Pennsylvania,Pennsylvania:720106,2004,0.397739,1.102539,0.156307,70.7375
Pennsylvania,Pennsylvania:720106,2005,0.266424,1.210792,0.156307,70.7375
Pennsylvania,Pennsylvania:720106,2006,0.315435,1.258103,0.156307,70.7375
Pennsylvania,Pennsylvania:720106,2007,0.35481,1.28658,0.156307,70.7375
Pennsylvania,Pennsylvania:720106,2008,0.204723,1.290679,0.156307,70.7375
Pennsylvania,Pennsylvania:720106,2009,0.257183,1.241424,0.156307,70.7375
Pennsylvania,Pennsylvania:720106,2010,0.147155,1.155602,0.156307,70.7375
Pennsylvania,Pennsylvania:720106,2011,0.259602,1.146464,0.156307,70.7375
Pennsylvania,Pennsylvania:720106,2012,0.199616,1.232509,0.156307,70.7375
Pennsylvania,Pennsylvania:720106,2013,0.506764,1.209067,0.156307,70.7375
Pennsylvania,Pennsylvania:720106,2014,0.558618,1.183801,0.156307,70.7375
Pennsylvania,Pennsylvania:720106,2015,0.481555,1.183852,0.156307,70.7375
Vermont,Vermont:870407,2001,0.222655,1.063973,0.103001,42.644
Vermont,Vermont:870407,2002,0.44425,0.96701,0.103001,42.644
Vermont,Vermont:870407,2003,0.736099,0.98768,0.103001,42.644
Vermont,Vermont:870407,2004,0.336677,1.001801,0.103001,42.644
Vermont,Vermont:870407,2005,0.077957,0.996987,0.103001,42.644
Vermont,Vermont:870407,2006,0.290623,0.997842,0.103001,42.644
Vermont,Vermont:870407,2007,0.401335,1.095394,0.103001,42.644
Vermont,Vermont:870407,2008,0.094513,1.123415,0.103001,42.644
Vermont,Vermont:870407,2009,0.173277,1.155459,0.103001,42.644
Vermont,Vermont:870407,2010,0.195201,1.192853,0.103001,42.644
Vermont,Vermont:870407,2011,0.294275,1.197615,0.103001,42.644
Vermont,Vermont:870407,2012,0.212546,1.209259,0.103001,42.644
Vermont,Vermont:870407,2013,0.75354,1.17456,0.103001,42.644
Vermont,Vermont:870407,2014,0.810877,1.10492,0.103001,42.644
Vermont,Vermont:870407,2015,0.713168,1.092319,0.103001,42.644
Virginia,Virginia:880304,2001,-0.133646,1.042495,-0.008274,23.766667
Virginia,Virginia:880304,2002,0.066549,0.908702,-0.008274,23.766667
Virginia,Virginia:880304,2003,0.267025,0.937335,-0.008274,23.766667
Virginia,Virginia:880304,2004,-0.094254,1.0298,-0.008274,23.766667
Virginia,Virginia:880304,2005,-0.202865,1.067819,-0.008274,23.766667
Virginia,Virginia:880304,2006,-0.179764,1.069705,-0.008274,23.766667
Virginia,Virginia:880304,2007,-0.093676,1.099907,-0.008274,23.766667
Virginia,Virginia:880304,2008,-0.126657,1.062071,-0.008274,23.766667
Virginia,Virginia:880304,2009,-0.075668,0.973886,-0.008274,23.766667
Virginia,Virginia:880304,2010,-0.156887,0.969489,-0.008274,23.766667
Virginia,Virginia:880304,2011,-0.065947,0.967036,-0.008274,23.766667
Virginia,Virginia:880304,2012,-0.052298,1.017653,-0.008274,23.766667
Virginia,Virginia:880304,2013,0.100351,1.048934,-0.008274,23.766667
Virginia,Virginia:880304,2014,0.099524,1.071597,-0.008274,23.766667
Virginia,Virginia:880304,2015,0.024864,1.053407,-0.008274,23.766667
WestVirginia,WestVirginia:900110,2001,-0.087325,1.046848,-0.02591,48.533333
WestVirginia,WestVirginia:900110,2002,0.120623,0.971773,-0.02591,48.533333
WestVirginia,WestVirginia:900110,2003,0.391889,0.995243,-0.02591,48.533333
WestVirginia,WestVirginia:900110,2004,0.100703,1.045164,-0.02591,48.533333
WestVirginia,WestVirginia:900110,2005,0.077799,1.103527,-0.02591,48.533333
WestVirginia,WestVirginia:900110,2006,0.18879,1.119505,-0.02591,48.533333
WestVirginia,WestVirginia:900110,2007,0.22281,1.122464,-0.02591,48.533333
WestVirginia,WestVirginia:900110,2008,0.235229,1.090958,-0.02591,48.533333
WestVirginia,WestVirginia:900110,2009,0.254149,1.045532,-0.02591,48.533333
WestVirginia,WestVirginia:900110,2010,0.115725,1.01707,-0.02591,48.533333
WestVirginia,WestVirginia:900110,2011,0.008747,0.99784,-0.02591,48.533333
WestVirginia,WestVirginia:900110,2012,-0.008525,1.055714,-0.02591,48.533333
WestVirginia,WestVirginia:900110,2013,0.017536,1.072512,-0.02591,48.533333
WestVirginia,WestVirginia:900110,2014,-0.067234,1.073531,-0.02591,48.533333
WestVirginia,WestVirginia:900110,2015,-0.229996,1.057478,-0.02591,48.533333
