site_id,stop_number,radius_m,year,nominal_pixels,forest_pct,agriculture_pct,developed_pct,wetland_pct,open_water_pct,historic_field_station_verified
7271,1,250,2001,217,27.188940092165897,54.83870967741935,14.746543778801843,0.0,3.225806451612903,False
7271,1,250,2002,217,27.188940092165897,54.83870967741935,14.746543778801843,0.0,3.225806451612903,False
7271,1,250,2003,217,27.188940092165897,54.377880184331794,15.207373271889402,0.0,3.225806451612903,False
7271,1,250,2004,217,27.188940092165897,53.91705069124424,15.207373271889402,0.0,3.686635944700461,False
7271,1,250,2005,217,27.188940092165897,53.45622119815668,15.668202764976957,0.0,3.686635944700461,False
7271,1,250,2006,217,27.188940092165897,53.91705069124424,15.668202764976957,0.0,3.225806451612903,False
7271,1,250,2007,217,27.188940092165897,53.91705069124424,15.668202764976957,0.0,3.225806451612903,False
7271,1,250,2008,217,27.188940092165897,53.45622119815668,15.668202764976957,0.0,3.686635944700461,False
7271,1,250,2009,217,27.188940092165897,53.45622119815668,15.668202764976957,0.0,3.686635944700461,False
7271,1,250,2010,217,27.188940092165897,53.45622119815668,16.129032258064516,0.0,3.225806451612903,False
7271,1,250,2011,217,27.188940092165897,53.45622119815668,16.129032258064516,0.0,3.225806451612903,False
7271,1,250,2012,217,27.188940092165897,53.45622119815668,16.129032258064516,0.0,3.225806451612903,False
7271,1,250,2013,217,27.188940092165897,53.45622119815668,16.129032258064516,0.0,3.225806451612903,False
7271,1,250,2014,217,25.34562211981567,53.45622119815668,17.972350230414747,0.0,3.225806451612903,False
7271,1,250,2015,217,25.34562211981567,53.45622119815668,17.972350230414747,0.0,3.225806451612903,False
7272,2,250,2001,221,0.4524886877828055,86.87782805429865,12.669683257918551,0.0,0.0,False
7272,2,250,2002,221,0.4524886877828055,86.87782805429865,12.669683257918551,0.0,0.0,False
7272,2,250,2003,221,0.4524886877828055,86.87782805429865,12.669683257918551,0.0,0.0,False
7272,2,250,2004,221,0.4524886877828055,86.87782805429865,12.669683257918551,0.0,0.0,False
7272,2,250,2005,221,0.4524886877828055,86.87782805429865,12.669683257918551,0.0,0.0,False
7272,2,250,2006,221,0.4524886877828055,86.87782805429865,12.669683257918551,0.0,0.0,False
7272,2,250,2007,221,0.4524886877828055,86.87782805429865,12.669683257918551,0.0,0.0,False
7272,2,250,2008,221,0.4524886877828055,86.87782805429865,12.669683257918551,0.0,0.0,False
7272,2,250,2009,221,0.4524886877828055,86.87782805429865,12.669683257918551,0.0,0.0,False
7272,2,250,2010,221,0.4524886877828055,86.87782805429865,12.669683257918551,0.0,0.0,False
7272,2,250,2011,221,0.4524886877828055,86.87782805429865,12.669683257918551,0.0,0.0,False
7272,2,250,2012,221,0.4524886877828055,86.87782805429865,12.669683257918551,0.0,0.0,False
7272,2,250,2013,221,0.4524886877828055,86.87782805429865,12.669683257918551,0.0,0.0,False
7272,2,250,2014,221,0.4524886877828055,86.87782805429865,12.669683257918551,0.0,0.0,False
7272,2,250,2015,221,0.4524886877828055,86.87782805429865,12.669683257918551,0.0,0.0,False
7273,3,250,2001,218,16.972477064220186,58.256880733944946,22.477064220183486,0.0,2.293577981651376,False
7273,3,250,2002,218,16.972477064220186,58.256880733944946,22.477064220183486,0.0,2.293577981651376,False
7273,3,250,2003,218,16.972477064220186,58.256880733944946,22.477064220183486,0.0,2.293577981651376,False
7273,3,250,2004,218,16.972477064220186,58.256880733944946,22.477064220183486,0.0,2.293577981651376,False
7273,3,250,2005,218,16.972477064220186,58.256880733944946,22.477064220183486,0.0,2.293577981651376,False
7273,3,250,2006,218,16.972477064220186,58.256880733944946,22.477064220183486,0.0,2.293577981651376,False
7273,3,250,2007,218,16.972477064220186,58.256880733944946,22.477064220183486,0.0,2.293577981651376,False
7273,3,250,2008,218,16.972477064220186,58.256880733944946,22.477064220183486,0.0,2.293577981651376,False
7273,3,250,2009,218,16.972477064220186,58.256880733944946,22.477064220183486,0.0,2.293577981651376,False
7273,3,250,2010,218,16.972477064220186,58.256880733944946,22.477064220183486,0.0,2.293577981651376,False
7273,3,250,2011,218,16.972477064220186,58.256880733944946,22.477064220183486,0.0,2.293577981651376,False
7273,3,250,2012,218,16.972477064220186,58.256880733944946,22.477064220183486,0.0,2.293577981651376,False
7273,3,250,2013,218,16.972477064220186,58.256880733944946,22.477064220183486,0.0,2.293577981651376,False
7273,3,250,2014,218,16.972477064220186,58.256880733944946,22.477064220183486,0.0,2.293577981651376,False
7273,3,250,2015,218,16.972477064220186,58.256880733944946,22.477064220183486,0.0,2.293577981651376,False
7274,4,250,2001,218,4.128440366972478,79.81651376146789,16.055045871559635,0.0,0.0,False
7274,4,250,2002,218,4.128440366972478,79.81651376146789,16.055045871559635,0.0,0.0,False
7274,4,250,2003,218,4.128440366972478,79.81651376146789,16.055045871559635,0.0,0.0,False
7274,4,250,2004,218,4.128440366972478,79.81651376146789,16.055045871559635,0.0,0.0,False
7274,4,250,2005,218,4.128440366972478,79.81651376146789,16.055045871559635,0.0,0.0,False
7274,4,250,2006,218,4.128440366972478,79.81651376146789,16.055045871559635,0.0,0.0,False
7274,4,250,2007,218,4.128440366972478,79.81651376146789,16.055045871559635,0.0,0.0,False
7274,4,250,2008,218,4.128440366972478,79.81651376146789,16.055045871559635,0.0,0.0,False
7274,4,250,2009,218,4.128440366972478,80.27522935779817,15.59633027522936,0.0,0.0,False
7274,4,250,2010,218,4.128440366972478,80.27522935779817,15.59633027522936,0.0,0.0,False
7274,4,250,2011,218,4.128440366972478,79.81651376146789,16.055045871559635,0.0,0.0,False
7274,4,250,2012,218,4.128440366972478,80.27522935779817,15.59633027522936,0.0,0.0,False
7274,4,250,2013,218,4.128440366972478,80.27522935779817,15.59633027522936,0.0,0.0,False
7274,4,250,2014,218,4.128440366972478,80.27522935779817,15.59633027522936,0.0,0.0,False
7274,4,250,2015,218,4.128440366972478,80.27522935779817,15.59633027522936,0.0,0.0,False
7275,5,250,2001,216,2.314814814814815,79.16666666666666,8.796296296296296,0.0,9.722222222222223,False
7275,5,250,2002,216,2.314814814814815,79.16666666666666,8.796296296296296,0.0,9.722222222222223,False
7275,5,250,2003,216,2.314814814814815,79.16666666666666,8.796296296296296,0.0,9.722222222222223,False
7275,5,250,2004,216,2.314814814814815,79.16666666666666,8.796296296296296,0.0,9.722222222222223,False
7275,5,250,2005,216,2.314814814814815,79.62962962962963,8.796296296296296,0.0,9.25925925925926,False
7275,5,250,2006,216,2.314814814814815,80.55555555555556,8.796296296296296,0.0,8.333333333333332,False
7275,5,250,2007,216,2.314814814814815,79.16666666666666,8.796296296296296,0.0,9.722222222222223,False
7275,5,250,2008,216,2.314814814814815,79.16666666666666,8.796296296296296,0.0,9.722222222222223,False
7275,5,250,2009,216,2.314814814814815,78.70370370370371,8.796296296296296,0.0,10.185185185185185,False
7275,5,250,2010,216,2.314814814814815,79.62962962962963,8.796296296296296,0.0,9.25925925925926,False
7275,5,250,2011,216,2.314814814814815,79.16666666666666,8.796296296296296,0.0,9.722222222222223,False
7275,5,250,2012,216,2.314814814814815,78.70370370370371,8.796296296296296,0.0,10.185185185185185,False
7275,5,250,2013,216,2.314814814814815,78.24074074074075,8.796296296296296,0.0,10.648148148148149,False
7275,5,250,2014,216,2.314814814814815,78.24074074074075,8.796296296296296,0.0,10.648148148148149,False
7275,5,250,2015,216,2.314814814814815,78.70370370370371,8.796296296296296,0.0,10.185185185185185,False
7276,6,250,2001,217,13.82488479262673,72.81105990783409,13.36405529953917,0.0,0.0,False
7276,6,250,2002,217,13.82488479262673,72.81105990783409,13.36405529953917,0.0,0.0,False
7276,6,250,2003,217,13.82488479262673,72.35023041474655,13.82488479262673,0.0,0.0,False
7276,6,250,2004,217,13.82488479262673,72.35023041474655,13.82488479262673,0.0,0.0,False
7276,6,250,2005,217,13.82488479262673,71.88940092165899,14.285714285714285,0.0,0.0,False
7276,6,250,2006,217,14.746543778801843,70.96774193548387,14.285714285714285,0.0,0.0,False
7276,6,250,2007,217,14.746543778801843,70.96774193548387,14.285714285714285,0.0,0.0,False
7276,6,250,2008,217,14.746543778801843,70.96774193548387,14.285714285714285,0.0,0.0,False
7276,6,250,2009,217,14.746543778801843,70.50691244239631,14.746543778801843,0.0,0.0,False
7276,6,250,2010,217,14.746543778801843,70.04608294930875,15.207373271889402,0.0,0.0,False
7276,6,250,2011,217,14.746543778801843,69.12442396313364,16.129032258064516,0.0,0.0,False
7276,6,250,2012,217,14.746543778801843,69.12442396313364,16.129032258064516,0.0,0.0,False
7276,6,250,2013,217,14.285714285714285,69.5852534562212,16.129032258064516,0.0,0.0,False
7276,6,250,2014,217,14.285714285714285,69.5852534562212,16.129032258064516,0.0,0.0,False
7276,6,250,2015,217,14.285714285714285,69.5852534562212,16.129032258064516,0.0,0.0,False
7277,7,250,2001,219,2.73972602739726,76.25570776255708,19.63470319634703,0.0,1.36986301369863,False
7277,7,250,2002,219,2.73972602739726,76.25570776255708,19.63470319634703,0.0,1.36986301369863,False
7277,7,250,2003,219,2.73972602739726,76.25570776255708,19.63470319634703,0.0,1.36986301369863,False
7277,7,250,2004,219,2.73972602739726,76.25570776255708,19.63470319634703,0.0,1.36986301369863,False
7277,7,250,2005,219,2.73972602739726,76.25570776255708,19.63470319634703,0.0,1.36986301369863,False
7277,7,250,2006,219,2.73972602739726,75.79908675799086,20.091324200913242,0.0,1.36986301369863,False
7277,7,250,2007,219,2.73972602739726,75.79908675799086,20.091324200913242,0.0,1.36986301369863,False
7277,7,250,2008,219,2.73972602739726,75.79908675799086,20.091324200913242,0.0,1.36986301369863,False
7277,7,250,2009,219,2.73972602739726,75.79908675799086,20.091324200913242,0.0,1.36986301369863,False
7277,7,250,2010,219,2.73972602739726,75.79908675799086,20.091324200913242,0.0,1.36986301369863,False
7277,7,250,2011,219,2.73972602739726,75.79908675799086,20.091324200913242,0.0,1.36986301369863,False
7277,7,250,2012,219,2.73972602739726,75.79908675799086,20.091324200913242,0.0,1.36986301369863,False
7277,7,250,2013,219,2.73972602739726,75.79908675799086,20.091324200913242,0.0,1.36986301369863,False
7277,7,250,2014,219,2.73972602739726,75.79908675799086,20.091324200913242,0.0,1.36986301369863,False
7277,7,250,2015,219,2.73972602739726,75.79908675799086,20.091324200913242,0.0,1.36986301369863,False
7278,8,250,2001,218,0.0,82.11009174311926,17.889908256880734,0.0,0.0,False
7278,8,250,2002,218,0.0,82.11009174311926,17.889908256880734,0.0,0.0,False
7278,8,250,2003,218,0.0,82.11009174311926,17.889908256880734,0.0,0.0,False
7278,8,250,2004,218,0.0,82.11009174311926,17.889908256880734,0.0,0.0,False
7278,8,250,2005,218,0.0,82.11009174311926,17.889908256880734,0.0,0.0,False
7278,8,250,2006,218,0.0,82.11009174311926,17.889908256880734,0.0,0.0,False
7278,8,250,2007,218,0.0,82.11009174311926,17.889908256880734,0.0,0.0,False
7278,8,250,2008,218,0.0,82.11009174311926,17.889908256880734,0.0,0.0,False
7278,8,250,2009,218,0.0,82.11009174311926,17.889908256880734,0.0,0.0,False
7278,8,250,2010,218,0.0,82.11009174311926,17.889908256880734,0.0,0.0,False
7278,8,250,2011,218,0.0,82.11009174311926,17.889908256880734,0.0,0.0,False
7278,8,250,2012,218,0.0,82.11009174311926,17.889908256880734,0.0,0.0,False
7278,8,250,2013,218,0.0,82.11009174311926,17.889908256880734,0.0,0.0,False
7278,8,250,2014,218,0.0,82.11009174311926,17.889908256880734,0.0,0.0,False
7278,8,250,2015,218,0.0,82.11009174311926,17.889908256880734,0.0,0.0,False
7279,9,250,2001,220,5.909090909090909,16.818181818181817,10.0,67.27272727272727,0.0,False
7279,9,250,2002,220,5.909090909090909,16.818181818181817,10.0,67.27272727272727,0.0,False
7279,9,250,2003,220,5.909090909090909,16.818181818181817,10.0,67.27272727272727,0.0,False
7279,9,250,2004,220,5.909090909090909,16.818181818181817,10.0,67.27272727272727,0.0,False
7279,9,250,2005,220,5.909090909090909,16.818181818181817,10.0,67.27272727272727,0.0,False
7279,9,250,2006,220,5.909090909090909,16.818181818181817,10.0,67.27272727272727,0.0,False
7279,9,250,2007,220,5.909090909090909,16.818181818181817,10.0,67.27272727272727,0.0,False
7279,9,250,2008,220,5.909090909090909,16.363636363636363,10.454545454545453,67.27272727272727,0.0,False
7279,9,250,2009,220,5.909090909090909,16.363636363636363,10.454545454545453,67.27272727272727,0.0,False
7279,9,250,2010,220,5.909090909090909,16.363636363636363,10.454545454545453,67.27272727272727,0.0,False
7279,9,250,2011,220,5.909090909090909,16.363636363636363,10.454545454545453,67.27272727272727,0.0,False
7279,9,250,2012,220,5.909090909090909,16.363636363636363,10.454545454545453,67.27272727272727,0.0,False
7279,9,250,2013,220,5.909090909090909,16.363636363636363,10.454545454545453,67.27272727272727,0.0,False
7279,9,250,2014,220,5.909090909090909,16.363636363636363,10.454545454545453,67.27272727272727,0.0,False
7279,9,250,2015,220,5.909090909090909,16.363636363636363,10.454545454545453,67.27272727272727,0.0,False
7280,10,250,2001,220,12.272727272727273,75.9090909090909,11.818181818181818,0.0,0.0,False
7280,10,250,2002,220,12.272727272727273,75.9090909090909,11.818181818181818,0.0,0.0,False
7280,10,250,2003,220,12.272727272727273,75.9090909090909,11.818181818181818,0.0,0.0,False
7280,10,250,2004,220,12.727272727272727,75.45454545454545,11.818181818181818,0.0,0.0,False
7280,10,250,2005,220,12.727272727272727,75.45454545454545,11.818181818181818,0.0,0.0,False
7280,10,250,2006,220,8.636363636363637,78.63636363636364,11.818181818181818,0.0,0.0,False
7280,10,250,2007,220,8.636363636363637,78.63636363636364,11.818181818181818,0.0,0.0,False
7280,10,250,2008,220,8.636363636363637,78.63636363636364,11.818181818181818,0.0,0.0,False
7280,10,250,2009,220,8.181818181818182,78.63636363636364,11.818181818181818,0.0,0.0,False
7280,10,250,2010,220,7.727272727272727,78.63636363636364,11.818181818181818,0.0,0.0,False
7280,10,250,2011,220,7.727272727272727,78.18181818181819,11.818181818181818,0.0,0.0,False
7280,10,250,2012,220,5.909090909090909,77.72727272727272,11.818181818181818,0.0,0.0,False
7280,10,250,2013,220,5.909090909090909,78.63636363636364,11.818181818181818,0.0,0.0,False
7280,10,250,2014,220,5.454545454545454,79.54545454545455,11.818181818181818,0.0,0.0,False
7280,10,250,2015,220,5.454545454545454,80.0,11.818181818181818,0.0,0.0,False
7271,1,1000,2001,3489,12.037833190025795,75.89567211235311,9.945543135568931,0.0,2.0349670392662653,False
7271,1,1000,2002,3489,12.009171682430496,75.92433361994841,9.945543135568931,0.0,2.063628546861565,False
7271,1,1000,2003,3489,12.009171682430496,75.83834909716252,10.031527658354829,0.0,2.063628546861565,False
7271,1,1000,2004,3489,11.980510174835196,75.75236457437661,10.031527658354829,0.0,2.1496130696474633,False
7271,1,1000,2005,3489,12.009171682430496,75.72370306678131,10.088850673545428,0.0,2.0922900544568646,False
7271,1,1000,2006,3489,12.009171682430496,75.6663800515907,10.174835196331328,0.0,2.0922900544568646,False
7271,1,1000,2007,3489,12.009171682430496,75.69504155918601,10.174835196331328,0.0,2.0349670392662653,False
7271,1,1000,2008,3489,12.009171682430496,75.60905703640012,10.232158211521925,0.0,2.1209515620521637,False
7271,1,1000,2009,3489,12.037833190025795,75.49441100601891,10.260819719117226,0.0,2.178274577242763,False
7271,1,1000,2010,3489,12.066494697621096,75.40842648323301,10.375465749498423,0.0,2.0922900544568646,False
7271,1,1000,2011,3489,12.066494697621096,75.40842648323301,10.375465749498423,0.0,2.0922900544568646,False
7271,1,1000,2012,3489,12.037833190025795,75.32244196044712,10.404127257093723,0.0,1.9776440240756663,False
7271,1,1000,2013,3489,11.980510174835196,74.03267411865863,11.636572083691602,0.0,2.1496130696474633,False
7271,1,1000,2014,3489,11.837202636858699,73.20149039839495,12.697047864717684,0.0,2.0349670392662653,False
7271,1,1000,2015,3489,11.865864144454,73.25881341358556,12.611063341931786,0.0,2.063628546861565,False
7272,2,1000,2001,3505,8.530670470756064,75.83452211126962,10.328102710413695,4.821683309557775,0.48502139800285304,False
7272,2,1000,2002,3505,8.530670470756064,75.89158345221114,10.413694721825962,4.850213980028531,0.31383737517831667,False
7272,2,1000,2003,3505,8.530670470756064,75.66333808844507,10.527817403708987,4.850213980028531,0.42796005706134094,False
7272,2,1000,2004,3505,8.530670470756064,75.5206847360913,10.670470756062768,4.850213980028531,0.42796005706134094,False
7272,2,1000,2005,3505,8.530670470756064,75.49215406562054,10.699001426533524,4.821683309557775,0.456490727532097,False
7272,2,1000,2006,3505,8.530670470756064,75.69186875891583,10.699001426533524,4.764621968616263,0.31383737517831667,False
7272,2,1000,2007,3505,8.530670470756064,75.49215406562054,10.78459343794579,4.736091298145507,0.456490727532097,False
7272,2,1000,2008,3505,8.530670470756064,75.29243937232525,10.87018544935806,4.793152639087019,0.5135520684736091,False
7272,2,1000,2009,3505,8.530670470756064,75.29243937232525,10.87018544935806,4.764621968616263,0.5420827389443652,False
7272,2,1000,2010,3505,8.530670470756064,75.2639087018545,10.898716119828816,4.764621968616263,0.5420827389443652,False
7272,2,1000,2011,3505,8.530670470756064,75.29243937232525,10.898716119828816,4.821683309557775,0.456490727532097,False
7272,2,1000,2012,3505,8.530670470756064,75.23537803138373,10.984308131241084,4.793152639087019,0.42796005706134094,False
7272,2,1000,2013,3505,8.530670470756064,74.49358059914408,11.697574893009985,4.793152639087019,0.456490727532097,False
7272,2,1000,2014,3505,8.559201141226819,74.46504992867332,11.697574893009985,4.764621968616263,0.48502139800285304,False
7272,2,1000,2015,3505,8.559201141226819,74.32239657631953,11.81169757489301,4.793152639087019,0.48502139800285304,False
7273,3,1000,2001,3491,16.929246634202233,69.2065310799198,10.283586364938413,3.0077341735892293,0.5729017473503294,False
7273,3,1000,2002,3491,16.72873102262962,69.32111142938986,10.48410197651103,3.036379260956746,0.40103122314523065,False
7273,3,1000,2003,3491,16.72873102262962,68.97737038097966,10.71326267545116,3.036379260956746,0.5156115726152966,False
7273,3,1000,2004,3491,16.72873102262962,68.80549985677456,10.88513319965626,3.036379260956746,0.5156115726152966,False
7273,3,1000,2005,3491,16.72873102262962,68.6909195073045,10.999713549126325,3.0077341735892293,0.5442566599828129,False
7273,3,1000,2006,3491,16.72873102262962,68.74820968203953,11.057003723861358,3.036379260956746,0.40103122314523065,False
7273,3,1000,2007,3491,16.72873102262962,68.57633915783443,11.11429389859639,3.0077341735892293,0.5442566599828129,False
7273,3,1000,2008,3491,16.757376109997136,68.26124319679175,11.343454597536523,2.979089086221713,0.6301919220853625,False
7273,3,1000,2009,3491,16.78602119736465,68.23259810942423,11.343454597536523,2.9504439988541966,0.6588370094528788,False
7273,3,1000,2010,3491,16.72873102262962,68.08937267258666,11.429389859639072,2.9504439988541966,0.7734173589229447,False
7273,3,1000,2011,3491,16.72873102262962,67.97479232311659,11.572615296476654,3.0077341735892293,0.6874820968203953,False
7273,3,1000,2012,3491,16.700085935262102,67.97479232311659,11.715840733314236,2.979089086221713,0.6301919220853625,False
7273,3,1000,2013,3491,16.442280148954456,67.34460040103122,12.43196791750215,3.0077341735892293,0.6874820968203953,False
7273,3,1000,2014,3491,16.614150673159553,67.00085935262102,12.489258092237181,2.9504439988541966,0.9166427957605271,False
7273,3,1000,2015,3491,16.614150673159553,66.9722142652535,12.489258092237181,2.979089086221713,0.9166427957605271,False
7274,4,1000,2001,3491,16.642795760527072,73.87568032082498,8.249785161844745,0.40103122314523065,0.8307075336579777,False
7274,4,1000,2002,3491,16.642795760527072,73.64651962188485,8.450300773417359,0.40103122314523065,0.859352621025494,False
7274,4,1000,2003,3491,16.642795760527072,73.58922944714982,8.507590948152393,0.40103122314523065,0.859352621025494,False
7274,4,1000,2004,3491,16.700085935262102,73.44600401031222,8.593526210254941,0.40103122314523065,0.859352621025494,False
7274,4,1000,2005,3491,16.642795760527072,73.36006874820968,8.708106559725007,0.40103122314523065,0.8879977083930106,False
7274,4,1000,2006,3491,16.642795760527072,73.33142366084216,8.736751647092523,0.40103122314523065,0.8879977083930106,False
7274,4,1000,2007,3491,16.642795760527072,73.33142366084216,8.736751647092523,0.40103122314523065,0.8879977083930106,False
7274,4,1000,2008,3491,16.642795760527072,73.24548839873961,8.794041821827557,0.40103122314523065,0.9166427957605271,False
7274,4,1000,2009,3491,16.671440847894587,73.24548839873961,8.794041821827557,0.40103122314523065,0.8879977083930106,False
7274,4,1000,2010,3491,16.614150673159553,73.10226296190203,8.822686909195072,0.40103122314523065,1.0598682325981095,False
7274,4,1000,2011,3491,16.642795760527072,72.95903752506445,8.965912346032654,0.40103122314523065,1.031223145230593,False
7274,4,1000,2012,3491,16.58550558579204,72.8731022629619,9.109137782870237,0.40103122314523065,0.97393297049556,False
7274,4,1000,2013,3491,16.55686049842452,72.67258665138928,9.309653394442853,0.40103122314523065,1.0025780578630765,False
7274,4,1000,2014,3491,16.528215411057005,72.47207103981668,9.309653394442853,0.40103122314523065,1.2317387568032083,False
7274,4,1000,2015,3491,16.49957032368949,72.50071612718418,9.309653394442853,0.40103122314523065,1.2317387568032083,False
7275,5,1000,2001,3489,8.283175695041558,82.0005732301519,8.85640584694755,0.0,0.8598452278589854,False
7275,5,1000,2002,3489,8.283175695041558,82.0292347377472,8.85640584694755,0.0,0.8311837202636859,False
7275,5,1000,2003,3489,8.283175695041558,82.0005732301519,8.885067354542848,0.0,0.8311837202636859,False
7275,5,1000,2004,3489,8.340498710232158,81.8859271997707,8.942390369733449,0.0,0.8311837202636859,False
7275,5,1000,2005,3489,8.340498710232158,81.77128116938951,9.057036400114646,0.0,0.8311837202636859,False
7275,5,1000,2006,3489,8.397821725422757,81.77128116938951,9.057036400114646,0.0,0.7738607050730868,False
7275,5,1000,2007,3489,8.397821725422757,81.65663513900832,9.114359415305245,0.0,0.8311837202636859,False
7275,5,1000,2008,3489,8.397821725422757,81.65663513900832,9.114359415305245,0.0,0.8311837202636859,False
7275,5,1000,2009,3489,8.397821725422757,81.59931212381771,9.143020922900545,0.0,0.8598452278589854,False
7275,5,1000,2010,3489,8.397821725422757,81.59931212381771,9.200343938091143,0.0,0.8025222126683863,False
7275,5,1000,2011,3489,8.369160217827458,81.5419891086271,9.257666953281744,0.0,0.8311837202636859,False
7275,5,1000,2012,3489,8.283175695041558,81.57065061622242,9.257666953281744,0.0,0.8598452278589854,False
7275,5,1000,2013,3489,8.25451418744626,81.62797363141301,9.229005445686443,0.0,0.8885067354542848,False
7275,5,1000,2014,3489,8.19719117225566,81.68529664660362,9.229005445686443,0.0,0.8885067354542848,False
7275,5,1000,2015,3489,8.16852966466036,81.74261966179421,9.229005445686443,0.0,0.8598452278589854,False
7276,6,1000,2001,3488,11.955275229357799,80.59059633027523,6.2786697247706424,0.4873853211009175,0.6880733944954129,False
7276,6,1000,2002,3488,11.955275229357799,80.61926605504587,6.2786697247706424,0.4873853211009175,0.6594036697247707,False
7276,6,1000,2003,3488,11.955275229357799,80.59059633027523,6.307339449541284,0.4873853211009175,0.6594036697247707,False
7276,6,1000,2004,3488,11.955275229357799,80.59059633027523,6.307339449541284,0.4873853211009175,0.6594036697247707,False
7276,6,1000,2005,3488,11.955275229357799,80.56192660550458,6.364678899082568,0.4873853211009175,0.6307339449541285,False
7276,6,1000,2006,3488,12.012614678899082,80.56192660550458,6.364678899082568,0.4873853211009175,0.573394495412844,False
7276,6,1000,2007,3488,12.012614678899082,80.38990825688074,6.450688073394495,0.4873853211009175,0.6594036697247707,False
7276,6,1000,2008,3488,12.012614678899082,80.38990825688074,6.450688073394495,0.4873853211009175,0.6594036697247707,False
7276,6,1000,2009,3488,12.012614678899082,80.33256880733946,6.479357798165138,0.4873853211009175,0.6880733944954129,False
7276,6,1000,2010,3488,12.012614678899082,80.33256880733946,6.536697247706422,0.4873853211009175,0.6307339449541285,False
7276,6,1000,2011,3488,11.983944954128441,80.27522935779817,6.594036697247706,0.4873853211009175,0.6594036697247707,False
7276,6,1000,2012,3488,11.897935779816514,80.18922018348624,6.594036697247706,0.4873853211009175,0.6880733944954129,False
7276,6,1000,2013,3488,11.869266055045872,80.21788990825688,6.565366972477064,0.4873853211009175,0.716743119266055,False
7276,6,1000,2014,3488,11.783256880733944,80.33256880733946,6.536697247706422,0.4873853211009175,0.716743119266055,False
7276,6,1000,2015,3488,11.783256880733944,80.3612385321101,6.536697247706422,0.4873853211009175,0.6880733944954129,False
7277,7,1000,2001,3491,11.801775995416786,83.07075336579777,4.525923804067602,0.0,0.5729017473503294,False
7277,7,1000,2002,3491,11.801775995416786,83.04210827843025,4.525923804067602,0.0,0.6015468347178459,False
7277,7,1000,2003,3491,11.744485820681753,83.07075336579777,4.525923804067602,0.0,0.6301919220853625,False
7277,7,1000,2004,3491,11.801775995416786,83.07075336579777,4.525923804067602,0.0,0.6015468347178459,False
7277,7,1000,2005,3491,11.801775995416786,83.09939845316528,4.525923804067602,0.0,0.5729017473503294,False
7277,7,1000,2006,3491,11.801775995416786,83.07075336579777,4.554568891435118,0.0,0.5729017473503294,False
7277,7,1000,2007,3491,11.77313090804927,83.04210827843025,4.554568891435118,0.0,0.6301919220853625,False
7277,7,1000,2008,3491,11.744485820681753,83.01346319106273,4.583213978802635,0.0,0.6588370094528788,False
7277,7,1000,2009,3491,11.77313090804927,83.04210827843025,4.583213978802635,0.0,0.6015468347178459,False
7277,7,1000,2010,3491,11.77313090804927,83.04210827843025,4.583213978802635,0.0,0.6015468347178459,False
7277,7,1000,2011,3491,11.744485820681753,83.04210827843025,4.583213978802635,0.0,0.6015468347178459,False
7277,7,1000,2012,3491,11.20022916069894,82.46920653107992,4.583213978802635,0.0,0.5729017473503294,False
7277,7,1000,2013,3491,11.20022916069894,82.38327126897737,4.583213978802635,0.0,0.6015468347178459,False
7277,7,1000,2014,3491,11.171584073331424,82.32598109424234,4.554568891435118,0.0,0.6301919220853625,False
7277,7,1000,2015,3491,11.11429389859639,82.32598109424234,4.554568891435118,0.0,0.6301919220853625,False
7278,8,1000,2001,3489,4.213241616509028,88.2201203783319,5.073086844368014,2.4362281456004586,0.05732301519059903,False
7278,8,1000,2002,3489,4.213241616509028,88.2201203783319,5.101748351963313,2.4362281456004586,0.028661507595299514,False
7278,8,1000,2003,3489,4.213241616509028,88.134135855546,5.159071367153913,2.4362281456004586,0.05732301519059903,False
7278,8,1000,2004,3489,4.213241616509028,88.134135855546,5.159071367153913,2.4362281456004586,0.05732301519059903,False
7278,8,1000,2005,3489,4.213241616509028,88.0768128403554,5.216394382344512,2.4362281456004586,0.05732301519059903,False
7278,8,1000,2006,3489,4.213241616509028,88.0481513327601,5.30237890513041,2.407566638005159,0.028661507595299514,False
7278,8,1000,2007,3489,4.213241616509028,88.0194898251648,5.30237890513041,2.407566638005159,0.05732301519059903,False
7278,8,1000,2008,3489,4.184580108913729,87.99082831756951,5.359701920321009,2.407566638005159,0.05732301519059903,False
7278,8,1000,2009,3489,4.184580108913729,87.9621668099742,5.388363427916308,2.407566638005159,0.05732301519059903,False
7278,8,1000,2010,3489,4.184580108913729,87.9048437947836,5.417024935511608,2.4362281456004586,0.05732301519059903,False
7278,8,1000,2011,3489,4.184580108913729,87.87618228718831,5.417024935511608,2.4362281456004586,0.08598452278589853,False
7278,8,1000,2012,3489,4.184580108913729,87.847520779593,5.417024935511608,2.4362281456004586,0.05732301519059903,False
7278,8,1000,2013,3489,4.184580108913729,87.87618228718831,5.417024935511608,2.4362281456004586,0.05732301519059903,False
7278,8,1000,2014,3489,4.12725709372313,87.9048437947836,5.445686443106908,2.4362281456004586,0.05732301519059903,False
7278,8,1000,2015,3489,4.12725709372313,87.87618228718831,5.445686443106908,2.4362281456004586,0.08598452278589853,False
7279,9,1000,2001,3493,11.107930146006298,51.073575722874324,3.2350415115946176,34.58345261952476,0.0,False
7279,9,1000,2002,3493,11.107930146006298,51.073575722874324,3.2350415115946176,34.58345261952476,0.0,False
7279,9,1000,2003,3493,11.107930146006298,51.01631835098769,3.2922988834812483,34.58345261952476,0.0,False
7279,9,1000,2004,3493,11.107930146006298,51.01631835098769,3.2922988834812483,34.58345261952476,0.0,False
7279,9,1000,2005,3493,11.107930146006298,50.98768966504438,3.349556255367878,34.554823933581446,0.0,False
7279,9,1000,2006,3493,10.592613799026624,51.503006012024045,3.3781849413111935,34.52619524763813,0.0,False
7279,9,1000,2007,3493,10.420841683366733,51.67477812768394,3.3781849413111935,34.52619524763813,0.0,False
7279,9,1000,2008,3493,10.363584311480103,51.64614944174062,3.4354423131978242,34.554823933581446,0.0,False
7279,9,1000,2009,3493,10.334955625536788,51.64614944174062,3.4640709991411396,34.52619524763813,0.0,False
7279,9,1000,2010,3493,10.363584311480103,51.61752075579731,3.4640709991411396,34.554823933581446,0.0,False
7279,9,1000,2011,3493,10.363584311480103,51.56026338391067,3.4640709991411396,34.58345261952476,0.0,False
7279,9,1000,2012,3493,10.277698253650156,51.64614944174062,3.4640709991411396,34.554823933581446,0.0,False
7279,9,1000,2013,3493,10.277698253650156,51.61752075579731,3.492699685084455,34.52619524763813,0.0,False
7279,9,1000,2014,3493,10.249069567706842,51.53163469796736,3.5213283710277694,34.554823933581446,0.0,False
7279,9,1000,2015,3493,10.249069567706842,51.56026338391067,3.5213283710277694,34.554823933581446,0.0,False
7280,10,1000,2001,3492,17.7262313860252,74.45589919816724,3.350515463917526,4.123711340206185,0.286368843069874,False
7280,10,1000,2002,3492,17.7262313860252,74.48453608247422,3.350515463917526,4.123711340206185,0.25773195876288657,False
7280,10,1000,2003,3492,17.7262313860252,74.51317296678121,3.350515463917526,4.123711340206185,0.22909507445589922,False
7280,10,1000,2004,3492,17.583046964490265,74.5704467353952,3.350515463917526,4.123711340206185,0.3150057273768614,False
7280,10,1000,2005,3492,17.611683848797252,74.5704467353952,3.350515463917526,4.095074455899198,0.3150057273768614,False
7280,10,1000,2006,3492,16.809851088201604,75.37227949599084,3.379152348224513,4.095074455899198,0.22909507445589922,False
7280,10,1000,2007,3492,16.72394043528064,75.40091638029782,3.379152348224513,4.095074455899198,0.25773195876288657,False
7280,10,1000,2008,3492,16.781214203894613,75.31500572737686,3.4077892325315005,4.123711340206185,0.25773195876288657,False
7280,10,1000,2009,3492,16.752577319587626,75.28636884306988,3.4077892325315005,4.123711340206185,0.286368843069874,False
7280,10,1000,2010,3492,16.72394043528064,75.31500572737686,3.4077892325315005,4.123711340206185,0.25773195876288657,False
7280,10,1000,2011,3492,16.72394043528064,75.17182130584192,3.4077892325315005,4.123711340206185,0.3150057273768614,False
7280,10,1000,2012,3492,15.893470790378005,75.48682703321879,3.4077892325315005,4.095074455899198,0.25773195876288657,False
7280,10,1000,2013,3492,15.922107674684993,75.51546391752578,3.4650630011454755,4.095074455899198,0.286368843069874,False
7280,10,1000,2014,3492,15.864833906071018,75.51546391752578,3.493699885452463,4.123711340206185,0.286368843069874,False
7280,10,1000,2015,3492,15.864833906071018,75.60137457044674,3.493699885452463,4.123711340206185,0.286368843069874,False
