site_id,stop_number,radius_m,from_year,to_year,nominal_pixels,fine_class_change_pct,ecological_group_change_pct,agriculture_81_82_swap_pixels,forest_loss_pixels,forest_gain_pixels,forest_to_agriculture_pixels,forest_to_developed_pixels,persisted_group_change_1yr_pixels,persisted_group_change_not_observed_for_last_year
7271,1,250,2001,2002,217,0.0,0.0,0,0,0,0,0,0.0,False
7271,1,250,2002,2003,217,0.4608294930875576,0.4608294930875576,0,0,0,0,0,1.0,False
7271,1,250,2003,2004,217,0.4608294930875576,0.4608294930875576,0,0,0,0,0,1.0,False
7271,1,250,2004,2005,217,0.4608294930875576,0.4608294930875576,0,0,0,0,0,1.0,False
7271,1,250,2005,2006,217,0.4608294930875576,0.4608294930875576,0,0,0,0,0,1.0,False
7271,1,250,2006,2007,217,0.4608294930875576,0.0,0,0,0,0,0,0.0,False
7271,1,250,2007,2008,217,0.4608294930875576,0.4608294930875576,0,0,0,0,0,1.0,False
7271,1,250,2008,2009,217,0.0,0.0,0,0,0,0,0,0.0,False
7271,1,250,2009,2010,217,0.9216589861751152,0.9216589861751152,0,0,0,0,0,2.0,False
7271,1,250,2010,2011,217,0.0,0.0,0,0,0,0,0,0.0,False
7271,1,250,2011,2012,217,0.0,0.0,0,0,0,0,0,0.0,False
7271,1,250,2012,2013,217,0.0,0.0,0,0,0,0,0,0.0,False
7271,1,250,2013,2014,217,3.225806451612903,3.225806451612903,0,4,0,3,1,7.0,False
7271,1,250,2014,2015,217,0.0,0.0,0,0,0,0,0,,True
7272,2,250,2001,2002,221,0.0,0.0,0,0,0,0,0,0.0,False
7272,2,250,2002,2003,221,0.0,0.0,0,0,0,0,0,0.0,False
7272,2,250,2003,2004,221,6.334841628959276,0.0,14,0,0,0,0,0.0,False
7272,2,250,2004,2005,221,3.6199095022624435,0.0,8,0,0,0,0,0.0,False
7272,2,250,2005,2006,221,1.3574660633484164,0.0,2,0,0,0,0,0.0,False
7272,2,250,2006,2007,221,0.0,0.0,0,0,0,0,0,0.0,False
7272,2,250,2007,2008,221,2.262443438914027,0.0,4,0,0,0,0,0.0,False
7272,2,250,2008,2009,221,4.072398190045249,0.0,9,0,0,0,0,0.0,False
7272,2,250,2009,2010,221,2.7149321266968327,0.0,6,0,0,0,0,0.0,False
7272,2,250,2010,2011,221,2.262443438914027,0.0,5,0,0,0,0,0.0,False
7272,2,250,2011,2012,221,0.9049773755656109,0.0,2,0,0,0,0,0.0,False
7272,2,250,2012,2013,221,0.45248868778280543,0.0,1,0,0,0,0,0.0,False
7272,2,250,2013,2014,221,4.97737556561086,0.0,11,0,0,0,0,0.0,False
7272,2,250,2014,2015,221,10.407239819004525,0.0,23,0,0,0,0,,True
7273,3,250,2001,2002,218,0.9174311926605505,0.0,0,0,0,0,0,0.0,False
7273,3,250,2002,2003,218,0.0,0.0,0,0,0,0,0,0.0,False
7273,3,250,2003,2004,218,0.45871559633027525,0.0,0,0,0,0,0,0.0,False
7273,3,250,2004,2005,218,0.0,0.0,0,0,0,0,0,0.0,False
7273,3,250,2005,2006,218,0.0,0.0,0,0,0,0,0,0.0,False
7273,3,250,2006,2007,218,0.0,0.0,0,0,0,0,0,0.0,False
7273,3,250,2007,2008,218,0.0,0.0,0,0,0,0,0,0.0,False
7273,3,250,2008,2009,218,0.0,0.0,0,0,0,0,0,0.0,False
7273,3,250,2009,2010,218,0.0,0.0,0,0,0,0,0,0.0,False
7273,3,250,2010,2011,218,0.0,0.0,0,0,0,0,0,0.0,False
7273,3,250,2011,2012,218,0.0,0.0,0,0,0,0,0,0.0,False
7273,3,250,2012,2013,218,0.0,0.0,0,0,0,0,0,0.0,False
7273,3,250,2013,2014,218,0.0,0.0,0,0,0,0,0,0.0,False
7273,3,250,2014,2015,218,0.0,0.0,0,0,0,0,0,,True
7274,4,250,2001,2002,218,0.45871559633027525,0.0,0,0,0,0,0,0.0,False
7274,4,250,2002,2003,218,0.0,0.0,0,0,0,0,0,0.0,False
7274,4,250,2003,2004,218,0.0,0.0,0,0,0,0,0,0.0,False
7274,4,250,2004,2005,218,0.0,0.0,0,0,0,0,0,0.0,False
7274,4,250,2005,2006,218,0.45871559633027525,0.0,1,0,0,0,0,0.0,False
7274,4,250,2006,2007,218,0.45871559633027525,0.0,1,0,0,0,0,0.0,False
7274,4,250,2007,2008,218,0.45871559633027525,0.0,1,0,0,0,0,0.0,False
7274,4,250,2008,2009,218,0.45871559633027525,0.45871559633027525,0,0,0,0,0,1.0,False
7274,4,250,2009,2010,218,0.45871559633027525,0.0,1,0,0,0,0,0.0,False
7274,4,250,2010,2011,218,0.45871559633027525,0.45871559633027525,0,0,0,0,0,1.0,False
7274,4,250,2011,2012,218,0.9174311926605505,0.45871559633027525,1,0,0,0,0,1.0,False
7274,4,250,2012,2013,218,0.0,0.0,0,0,0,0,0,0.0,False
7274,4,250,2013,2014,218,0.45871559633027525,0.0,1,0,0,0,0,0.0,False
7274,4,250,2014,2015,218,0.45871559633027525,0.0,1,0,0,0,0,,True
7275,5,250,2001,2002,216,0.0,0.0,0,0,0,0,0,0.0,False
7275,5,250,2002,2003,216,0.0,0.0,0,0,0,0,0,0.0,False
7275,5,250,2003,2004,216,0.0,0.0,0,0,0,0,0,0.0,False
7275,5,250,2004,2005,216,0.46296296296296297,0.46296296296296297,0,0,0,0,0,0.0,False
7275,5,250,2005,2006,216,1.8518518518518519,1.8518518518518519,0,0,0,0,0,1.0,False
7275,5,250,2006,2007,216,1.3888888888888888,1.3888888888888888,0,0,0,0,0,3.0,False
7275,5,250,2007,2008,216,0.0,0.0,0,0,0,0,0,0.0,False
7275,5,250,2008,2009,216,0.46296296296296297,0.46296296296296297,0,0,0,0,0,0.0,False
7275,5,250,2009,2010,216,0.9259259259259259,0.9259259259259259,0,0,0,0,0,1.0,False
7275,5,250,2010,2011,216,0.46296296296296297,0.46296296296296297,0,0,0,0,0,1.0,False
7275,5,250,2011,2012,216,0.46296296296296297,0.46296296296296297,0,0,0,0,0,0.0,False
7275,5,250,2012,2013,216,1.3888888888888888,1.3888888888888888,0,0,0,0,0,3.0,False
7275,5,250,2013,2014,216,0.0,0.0,0,0,0,0,0,0.0,False
7275,5,250,2014,2015,216,0.46296296296296297,0.46296296296296297,0,0,0,0,0,,True
7276,6,250,2001,2002,217,0.0,0.0,0,0,0,0,0,0.0,False
7276,6,250,2002,2003,217,0.4608294930875576,0.4608294930875576,0,0,0,0,0,1.0,False
7276,6,250,2003,2004,217,0.0,0.0,0,0,0,0,0,0.0,False
7276,6,250,2004,2005,217,0.4608294930875576,0.4608294930875576,0,0,0,0,0,1.0,False
7276,6,250,2005,2006,217,1.8433179723502304,0.9216589861751152,2,0,2,0,0,2.0,False
7276,6,250,2006,2007,217,0.0,0.0,0,0,0,0,0,0.0,False
7276,6,250,2007,2008,217,0.4608294930875576,0.0,1,0,0,0,0,0.0,False
7276,6,250,2008,2009,217,1.8433179723502304,0.4608294930875576,3,0,0,0,0,1.0,False
7276,6,250,2009,2010,217,0.9216589861751152,0.4608294930875576,1,0,0,0,0,1.0,False
7276,6,250,2010,2011,217,2.304147465437788,0.9216589861751152,3,0,0,0,0,2.0,False
7276,6,250,2011,2012,217,0.0,0.0,0,0,0,0,0,0.0,False
7276,6,250,2012,2013,217,0.9216589861751152,0.4608294930875576,0,1,0,1,0,1.0,False
7276,6,250,2013,2014,217,0.4608294930875576,0.0,1,0,0,0,0,0.0,False
7276,6,250,2014,2015,217,0.0,0.0,0,0,0,0,0,,True
7277,7,250,2001,2002,219,0.45662100456621,0.0,0,0,0,0,0,0.0,False
7277,7,250,2002,2003,219,0.0,0.0,0,0,0,0,0,0.0,False
7277,7,250,2003,2004,219,0.45662100456621,0.0,1,0,0,0,0,0.0,False
7277,7,250,2004,2005,219,0.91324200913242,0.0,1,0,0,0,0,0.0,False
7277,7,250,2005,2006,219,0.91324200913242,0.45662100456621,1,0,0,0,0,1.0,False
7277,7,250,2006,2007,219,0.0,0.0,0,0,0,0,0,0.0,False
7277,7,250,2007,2008,219,0.45662100456621,0.0,0,0,0,0,0,0.0,False
7277,7,250,2008,2009,219,0.45662100456621,0.0,0,0,0,0,0,0.0,False
7277,7,250,2009,2010,219,0.0,0.0,0,0,0,0,0,0.0,False
7277,7,250,2010,2011,219,0.0,0.0,0,0,0,0,0,0.0,False
7277,7,250,2011,2012,219,0.0,0.0,0,0,0,0,0,0.0,False
7277,7,250,2012,2013,219,0.45662100456621,0.0,1,0,0,0,0,0.0,False
7277,7,250,2013,2014,219,0.0,0.0,0,0,0,0,0,0.0,False
7277,7,250,2014,2015,219,0.0,0.0,0,0,0,0,0,,True
7278,8,250,2001,2002,218,0.0,0.0,0,0,0,0,0,0.0,False
7278,8,250,2002,2003,218,0.0,0.0,0,0,0,0,0,0.0,False
7278,8,250,2003,2004,218,0.0,0.0,0,0,0,0,0,0.0,False
7278,8,250,2004,2005,218,0.45871559633027525,0.0,1,0,0,0,0,0.0,False
7278,8,250,2005,2006,218,0.45871559633027525,0.0,1,0,0,0,0,0.0,False
7278,8,250,2006,2007,218,0.0,0.0,0,0,0,0,0,0.0,False
7278,8,250,2007,2008,218,0.0,0.0,0,0,0,0,0,0.0,False
7278,8,250,2008,2009,218,0.0,0.0,0,0,0,0,0,0.0,False
7278,8,250,2009,2010,218,0.0,0.0,0,0,0,0,0,0.0,False
7278,8,250,2010,2011,218,0.45871559633027525,0.0,1,0,0,0,0,0.0,False
7278,8,250,2011,2012,218,0.45871559633027525,0.0,1,0,0,0,0,0.0,False
7278,8,250,2012,2013,218,0.45871559633027525,0.0,1,0,0,0,0,0.0,False
7278,8,250,2013,2014,218,0.0,0.0,0,0,0,0,0,0.0,False
7278,8,250,2014,2015,218,0.0,0.0,0,0,0,0,0,,True
7279,9,250,2001,2002,220,0.0,0.0,0,0,0,0,0,0.0,False
7279,9,250,2002,2003,220,0.0,0.0,0,0,0,0,0,0.0,False
7279,9,250,2003,2004,220,0.0,0.0,0,0,0,0,0,0.0,False
7279,9,250,2004,2005,220,0.0,0.0,0,0,0,0,0,0.0,False
7279,9,250,2005,2006,220,0.0,0.0,0,0,0,0,0,0.0,False
7279,9,250,2006,2007,220,0.0,0.0,0,0,0,0,0,0.0,False
7279,9,250,2007,2008,220,0.45454545454545453,0.45454545454545453,0,0,0,0,0,1.0,False
7279,9,250,2008,2009,220,0.0,0.0,0,0,0,0,0,0.0,False
7279,9,250,2009,2010,220,0.0,0.0,0,0,0,0,0,0.0,False
7279,9,250,2010,2011,220,0.0,0.0,0,0,0,0,0,0.0,False
7279,9,250,2011,2012,220,0.0,0.0,0,0,0,0,0,0.0,False
7279,9,250,2012,2013,220,0.0,0.0,0,0,0,0,0,0.0,False
7279,9,250,2013,2014,220,0.0,0.0,0,0,0,0,0,0.0,False
7279,9,250,2014,2015,220,0.0,0.0,0,0,0,0,0,,True
7280,10,250,2001,2002,220,0.0,0.0,0,0,0,0,0,0.0,False
7280,10,250,2002,2003,220,0.0,0.0,0,0,0,0,0,0.0,False
7280,10,250,2003,2004,220,0.45454545454545453,0.45454545454545453,0,0,1,0,0,1.0,False
7280,10,250,2004,2005,220,0.0,0.0,0,0,0,0,0,0.0,False
7280,10,250,2005,2006,220,4.090909090909091,4.090909090909091,0,9,0,7,0,9.0,False
7280,10,250,2006,2007,220,0.0,0.0,0,0,0,0,0,0.0,False
7280,10,250,2007,2008,220,0.0,0.0,0,0,0,0,0,0.0,False
7280,10,250,2008,2009,220,0.45454545454545453,0.45454545454545453,0,1,0,0,0,1.0,False
7280,10,250,2009,2010,220,0.45454545454545453,0.45454545454545453,0,1,0,0,0,1.0,False
7280,10,250,2010,2011,220,0.45454545454545453,0.45454545454545453,0,0,0,0,0,1.0,False
7280,10,250,2011,2012,220,4.090909090909091,4.090909090909091,0,5,1,2,0,9.0,False
7280,10,250,2012,2013,220,0.9090909090909091,0.9090909090909091,0,0,0,0,0,2.0,False
7280,10,250,2013,2014,220,0.9090909090909091,0.9090909090909091,0,1,0,1,0,2.0,False
7280,10,250,2014,2015,220,0.45454545454545453,0.45454545454545453,0,0,0,0,0,,True
7271,1,1000,2001,2002,3489,0.48724562912009173,0.08598452278589853,6,1,0,0,0,2.0,False
7271,1,1000,2002,2003,3489,0.2292920607623961,0.14330753797649756,3,1,1,0,0,4.0,False
7271,1,1000,2003,2004,3489,0.2579535683576956,0.14330753797649756,4,1,0,0,0,5.0,False
7271,1,1000,2004,2005,3489,0.2866150759529951,0.14330753797649756,5,0,1,0,0,4.0,False
7271,1,1000,2005,2006,3489,0.40126110633419315,0.20063055316709658,6,0,0,0,0,5.0,False
7271,1,1000,2006,2007,3489,0.4299226139294927,0.14330753797649756,9,1,1,1,0,3.0,False
7271,1,1000,2007,2008,3489,0.5732301519059902,0.20063055316709658,12,1,1,0,0,6.0,False
7271,1,1000,2008,2009,3489,0.5732301519059902,0.20063055316709658,13,0,1,0,0,4.0,False
7271,1,1000,2009,2010,3489,0.7738607050730868,0.2866150759529951,16,0,1,0,0,8.0,False
7271,1,1000,2010,2011,3489,0.2292920607623961,0.05732301519059903,6,0,0,0,0,1.0,False
7271,1,1000,2011,2012,3489,1.0604757810260819,0.40126110633419315,23,1,0,0,0,9.0,False
7271,1,1000,2012,2013,3489,2.6081971911722555,1.7196904557179709,27,2,0,2,0,57.0,False
7271,1,1000,2013,2014,3489,3.582688449412439,2.063628546861565,27,7,2,5,1,69.0,False
7271,1,1000,2014,2015,3489,0.6592146746918888,0.20063055316709658,12,0,1,0,0,,True
7272,2,1000,2001,2002,3505,1.0271041369472182,0.25677603423680456,7,0,0,0,0,5.0,False
7272,2,1000,2002,2003,3505,0.7417974322396577,0.2282453637660485,14,0,0,0,0,8.0,False
7272,2,1000,2003,2004,3505,1.2838801711840229,0.14265335235378032,36,0,0,0,0,5.0,False
7272,2,1000,2004,2005,3505,0.5706134094151213,0.05706134094151213,15,0,0,0,0,1.0,False
7272,2,1000,2005,2006,3505,0.5991440798858774,0.2282453637660485,11,0,0,0,0,4.0,False
7272,2,1000,2006,2007,3505,0.5706134094151213,0.25677603423680456,11,0,0,0,0,9.0,False
7272,2,1000,2007,2008,3505,1.4835948644793153,0.2282453637660485,42,0,0,0,0,8.0,False
7272,2,1000,2008,2009,3505,1.4835948644793153,0.08559201141226819,48,0,0,0,0,3.0,False
7272,2,1000,2009,2010,3505,0.5991440798858774,0.028530670470756064,20,0,0,0,0,1.0,False
7272,2,1000,2010,2011,3505,0.456490727532097,0.08559201141226819,13,0,0,0,0,2.0,False
7272,2,1000,2011,2012,3505,0.8273894436519258,0.19971469329529243,22,0,0,0,0,5.0,False
7272,2,1000,2012,2013,3505,1.6833095577746078,0.8273894436519258,22,0,0,0,0,29.0,False
7272,2,1000,2013,2014,3505,1.340941512125535,0.2282453637660485,34,0,1,0,0,6.0,False
7272,2,1000,2014,2015,3505,2.5106990014265333,0.17118402282453637,77,0,0,0,0,,True
7273,3,1000,2001,2002,3491,1.4322543683758235,0.5729017473503294,3,7,0,6,0,16.0,False
7273,3,1000,2002,2003,3491,0.5729017473503294,0.34374104841019765,4,0,0,0,0,12.0,False
7273,3,1000,2003,2004,3491,0.5442566599828129,0.17187052420509882,2,0,0,0,0,6.0,False
7273,3,1000,2004,2005,3491,0.22916069894013177,0.14322543683758235,2,0,0,0,0,4.0,False
7273,3,1000,2005,2006,3491,0.2864508736751647,0.2005156115726153,2,0,0,0,0,3.0,False
7273,3,1000,2006,2007,3491,0.45832139788026355,0.22916069894013177,6,0,0,0,0,8.0,False
7273,3,1000,2007,2008,3491,0.6874820968203953,0.34374104841019765,10,0,1,0,0,12.0,False
7273,3,1000,2008,2009,3491,0.14322543683758235,0.11458034947006589,0,0,1,0,0,4.0,False
7273,3,1000,2009,2010,3491,0.6301919220853623,0.2578057863076482,12,2,0,2,0,9.0,False
7273,3,1000,2010,2011,3491,0.6301919220853623,0.22916069894013177,14,0,0,0,0,7.0,False
7273,3,1000,2011,2012,3491,0.6588370094528788,0.3723861357777141,9,1,0,1,0,10.0,False
7273,3,1000,2012,2013,3491,1.6900601546834717,1.0885133199656258,19,9,0,6,0,35.0,False
7273,3,1000,2013,2014,3491,1.7473503294185047,0.7161271841879118,28,2,8,2,0,23.0,False
7273,3,1000,2014,2015,3491,1.5468347178458894,0.057290174735032943,38,0,0,0,0,,True
7274,4,1000,2001,2002,3491,0.8593526210254941,0.22916069894013177,4,0,0,0,0,7.0,False
7274,4,1000,2002,2003,3491,0.31509596104268117,0.11458034947006589,7,0,0,0,0,2.0,False
7274,4,1000,2003,2004,3491,0.45832139788026355,0.2005156115726153,7,0,2,0,0,6.0,False
7274,4,1000,2004,2005,3491,0.8307075336579777,0.17187052420509882,18,2,0,1,1,6.0,False
7274,4,1000,2005,2006,3491,0.17187052420509882,0.028645087367516472,5,0,0,0,0,1.0,False
7274,4,1000,2006,2007,3491,0.31509596104268117,0.0,8,0,0,0,0,0.0,False
7274,4,1000,2007,2008,3491,0.2005156115726153,0.11458034947006589,3,1,1,0,1,4.0,False
7274,4,1000,2008,2009,3491,1.2890289315382413,0.11458034947006589,41,0,1,0,0,3.0,False
7274,4,1000,2009,2010,3491,0.6301919220853623,0.2578057863076482,12,2,0,2,0,8.0,False
7274,4,1000,2010,2011,3491,0.5442566599828129,0.2005156115726153,12,0,1,0,0,7.0,False
7274,4,1000,2011,2012,3491,0.7161271841879118,0.3723861357777141,11,2,0,2,0,12.0,False
7274,4,1000,2012,2013,3491,0.9452878831280436,0.2578057863076482,19,1,0,1,0,9.0,False
7274,4,1000,2013,2014,3491,1.2030936694356917,0.4296763105127471,26,3,2,3,0,14.0,False
7274,4,1000,2014,2015,3491,0.5729017473503294,0.028645087367516472,10,1,0,1,0,,True
7275,5,1000,2001,2002,3489,0.20063055316709658,0.028661507595299514,5,0,0,0,0,1.0,False
7275,5,1000,2002,2003,3489,0.08598452278589853,0.028661507595299514,2,0,0,0,0,1.0,False
7275,5,1000,2003,2004,3489,0.37259959873889364,0.11464603038119806,8,0,2,0,0,4.0,False
7275,5,1000,2004,2005,3489,0.6592146746918888,0.17196904557179707,16,0,0,0,0,5.0,False
7275,5,1000,2005,2006,3489,0.5159071367153912,0.2292920607623961,10,0,2,0,0,5.0,False
7275,5,1000,2006,2007,3489,0.4299226139294927,0.17196904557179707,9,0,0,0,0,6.0,False
7275,5,1000,2007,2008,3489,0.14330753797649756,0.0,5,0,0,0,0,0.0,False
7275,5,1000,2008,2009,3489,1.4903983949555746,0.05732301519059903,50,0,0,0,0,1.0,False
7275,5,1000,2009,2010,3489,0.20063055316709658,0.11464603038119806,3,0,0,0,0,3.0,False
7275,5,1000,2010,2011,3489,0.48724562912009173,0.11464603038119806,13,1,0,1,0,4.0,False
7275,5,1000,2011,2012,3489,0.2292920607623961,0.11464603038119806,4,3,0,2,0,2.0,False
7275,5,1000,2012,2013,3489,0.31527658354829463,0.17196904557179707,4,1,0,1,0,6.0,False
7275,5,1000,2013,2014,3489,0.40126110633419315,0.17196904557179707,8,4,2,4,0,5.0,False
7275,5,1000,2014,2015,3489,0.08598452278589853,0.05732301519059903,1,1,0,1,0,,True
7276,6,1000,2001,2002,3488,0.1720183486238532,0.028669724770642203,4,0,0,0,0,1.0,False
7276,6,1000,2002,2003,3488,0.1720183486238532,0.028669724770642203,5,0,0,0,0,1.0,False
7276,6,1000,2003,2004,3488,0.286697247706422,0.0,9,0,0,0,0,0.0,False
7276,6,1000,2004,2005,3488,0.3440366972477064,0.0860091743119266,9,0,0,0,0,2.0,False
7276,6,1000,2005,2006,3488,1.0321100917431192,0.1720183486238532,30,0,2,0,0,3.0,False
7276,6,1000,2006,2007,3488,0.3440366972477064,0.1720183486238532,6,0,0,0,0,6.0,False
7276,6,1000,2007,2008,3488,0.2580275229357798,0.0,9,0,0,0,0,0.0,False
7276,6,1000,2008,2009,3488,0.4873853211009174,0.05733944954128441,15,0,0,0,0,1.0,False
7276,6,1000,2009,2010,3488,0.3440366972477064,0.11467889908256881,8,0,0,0,0,3.0,False
7276,6,1000,2010,2011,3488,0.6880733944954128,0.11467889908256881,20,1,0,1,0,4.0,False
7276,6,1000,2011,2012,3488,0.4013761467889908,0.2580275229357798,5,3,0,3,0,8.0,False
7276,6,1000,2012,2013,3488,0.3440366972477064,0.143348623853211,6,1,0,1,0,5.0,False
7276,6,1000,2013,2014,3488,0.3440366972477064,0.11467889908256881,8,3,0,3,0,4.0,False
7276,6,1000,2014,2015,3488,0.11467889908256881,0.028669724770642203,3,0,0,0,0,,True
7277,7,1000,2001,2002,3491,0.22916069894013177,0.028645087367516472,6,0,0,0,0,0.0,False
7277,7,1000,2002,2003,3491,0.2864508736751647,0.08593526210254941,7,2,0,0,0,1.0,False
7277,7,1000,2003,2004,3491,0.8020624462904612,0.11458034947006589,24,0,2,0,0,3.0,False
7277,7,1000,2004,2005,3491,0.4010312231452306,0.028645087367516472,12,0,0,0,0,1.0,False
7277,7,1000,2005,2006,3491,0.8593526210254941,0.028645087367516472,28,0,0,0,0,1.0,False
7277,7,1000,2006,2007,3491,0.5442566599828129,0.057290174735032943,15,1,0,0,0,2.0,False
7277,7,1000,2007,2008,3491,0.5156115726152964,0.057290174735032943,14,1,0,0,0,2.0,False
7277,7,1000,2008,2009,3491,0.5156115726152964,0.057290174735032943,14,0,1,0,0,1.0,False
7277,7,1000,2009,2010,3491,0.2005156115726153,0.057290174735032943,5,1,1,0,0,2.0,False
7277,7,1000,2010,2011,3491,0.6015468347178459,0.028645087367516472,20,1,0,0,0,1.0,False
7277,7,1000,2011,2012,3491,1.6614150673159553,1.3463191062732742,11,20,1,4,0,45.0,False
7277,7,1000,2012,2013,3491,0.5442566599828129,0.08593526210254941,16,0,0,0,0,3.0,False
7277,7,1000,2013,2014,3491,1.2317387568032083,0.2578057863076482,34,2,1,0,0,9.0,False
7277,7,1000,2014,2015,3491,0.48696648524778,0.2005156115726153,10,2,0,0,0,,True
7278,8,1000,2001,2002,3489,0.2292920607623961,0.05732301519059903,6,0,0,0,0,1.0,False
7278,8,1000,2002,2003,3489,0.5732301519059902,0.08598452278589853,17,0,0,0,0,3.0,False
7278,8,1000,2003,2004,3489,0.2579535683576956,0.0,9,0,0,0,0,0.0,False
7278,8,1000,2004,2005,3489,0.6305531670965893,0.05732301519059903,16,0,0,0,0,2.0,False
7278,8,1000,2005,2006,3489,1.6050444253367726,0.14330753797649756,50,0,0,0,0,4.0,False
7278,8,1000,2006,2007,3489,1.117798796216681,0.028661507595299514,38,0,0,0,0,1.0,False
7278,8,1000,2007,2008,3489,0.20063055316709658,0.08598452278589853,4,1,0,1,0,3.0,False
7278,8,1000,2008,2009,3489,0.14330753797649756,0.028661507595299514,4,0,0,0,0,1.0,False
7278,8,1000,2009,2010,3489,0.6305531670965893,0.05732301519059903,20,0,0,0,0,2.0,False
7278,8,1000,2010,2011,3489,0.20063055316709658,0.028661507595299514,6,0,0,0,0,0.0,False
7278,8,1000,2011,2012,3489,0.14330753797649756,0.08598452278589853,1,0,0,0,0,2.0,False
7278,8,1000,2012,2013,3489,0.2292920607623961,0.028661507595299514,7,0,0,0,0,1.0,False
7278,8,1000,2013,2014,3489,0.4585841215247922,0.08598452278589853,13,2,0,2,0,3.0,False
7278,8,1000,2014,2015,3489,0.17196904557179707,0.028661507595299514,5,0,0,0,0,,True
7279,9,1000,2001,2002,3493,0.1717721156598912,0.0,6,0,0,0,0,0.0,False
7279,9,1000,2002,2003,3493,0.3435442313197824,0.0572573718866304,10,0,0,0,0,2.0,False
7279,9,1000,2003,2004,3493,0.1145147437732608,0.0,3,0,0,0,0,0.0,False
7279,9,1000,2004,2005,3493,0.286286859433152,0.0858860578299456,3,0,0,0,0,3.0,False
7279,9,1000,2005,2006,3493,0.6870884626395648,0.572573718866304,2,18,0,18,0,20.0,False
7279,9,1000,2006,2007,3493,0.3435442313197824,0.1717721156598912,6,6,0,6,0,6.0,False
7279,9,1000,2007,2008,3493,0.3435442313197824,0.20040080160320642,5,3,1,3,0,7.0,False
7279,9,1000,2008,2009,3493,0.1717721156598912,0.0858860578299456,2,1,0,0,0,2.0,False
7279,9,1000,2009,2010,3493,0.6298310907529344,0.0572573718866304,20,0,1,0,0,2.0,False
7279,9,1000,2010,2011,3493,0.143143429716576,0.0572573718866304,2,0,0,0,0,2.0,False
7279,9,1000,2011,2012,3493,0.9161179501860864,0.20040080160320642,5,3,0,3,0,7.0,False
7279,9,1000,2012,2013,3493,0.1717721156598912,0.0858860578299456,3,0,0,0,0,3.0,False
7279,9,1000,2013,2014,3493,0.9447466361294017,0.20040080160320642,7,1,0,1,0,6.0,False
7279,9,1000,2014,2015,3493,0.8302318923561408,0.0286286859433152,27,0,0,0,0,,True
7280,10,1000,2001,2002,3492,0.1145475372279496,0.0286368843069874,3,0,0,0,0,1.0,False
7280,10,1000,2002,2003,3492,0.143184421534937,0.0286368843069874,4,0,0,0,0,0.0,False
7280,10,1000,2003,2004,3492,0.3436426116838488,0.3150057273768614,1,6,1,6,0,11.0,False
7280,10,1000,2004,2005,3492,0.1145475372279496,0.0572737686139748,2,0,1,0,0,1.0,False
7280,10,1000,2005,2006,3492,1.088201603665521,0.9736540664375716,4,29,1,27,0,33.0,False
7280,10,1000,2006,2007,3492,0.3150057273768614,0.1145475372279496,7,3,0,2,0,3.0,False
7280,10,1000,2007,2008,3492,0.2290950744558992,0.1718213058419244,2,1,3,1,0,6.0,False
7280,10,1000,2008,2009,3492,0.715922107674685,0.0572737686139748,22,1,0,0,0,1.0,False
7280,10,1000,2009,2010,3492,1.345933562428408,0.0572737686139748,45,1,0,0,0,1.0,False
7280,10,1000,2010,2011,3492,0.2004581901489118,0.143184421534937,2,0,0,0,0,4.0,False
7280,10,1000,2011,2012,3492,1.288659793814433,1.2313860252004583,2,30,1,17,0,40.0,False
7280,10,1000,2012,2013,3492,1.861397479954181,0.3150057273768614,54,0,1,0,0,11.0,False
7280,10,1000,2013,2014,3492,0.286368843069874,0.2290950744558992,2,2,0,2,0,8.0,False
7280,10,1000,2014,2015,3492,1.0595647193585338,0.0859106529209622,34,0,0,0,0,,True
