route_number,stop_no,latitude,longitude,reference_date,source_document_url
360411,1,42.4136009,-92.2335968,2020-03-11,https://www.iowadnr.gov/media/2019/download?inline=
360411,2,42.412899,-92.1811981,2020-03-11,https://www.iowadnr.gov/media/2019/download?inline=
360411,3,42.3951988,-92.1619034,2020-03-11,https://www.iowadnr.gov/media/2019/download?inline=
360411,4,42.3846016,-92.163002,2020-03-11,https://www.iowadnr.gov/media/2019/download?inline=
360411,5,42.3846016,-92.177002,2020-03-11,https://www.iowadnr.gov/media/2019/download?inline=
360411,6,42.3656006,-92.1763992,2020-03-11,https://www.iowadnr.gov/media/2019/download?inline=
360411,7,42.3550987,-92.1617966,2020-03-11,https://www.iowadnr.gov/media/2019/download?inline=
360411,8,42.3550987,-92.1521988,2020-03-11,https://www.iowadnr.gov/media/2019/download?inline=
360411,9,42.3502998,-92.1397018,2020-03-11,https://www.iowadnr.gov/media/2019/download?inline=
360411,10,42.3261986,-92.112999,2020-03-11,https://www.iowadnr.gov/media/2019/download?inline=
