site_id,stop_number,radius_m,circle_pixels,2004_open_water_pct,2004_ice_snow_pct,2004_developed_pct,2004_barren_pct,2004_forest_pct,2004_shrub_pct,2004_grass_pct,2004_agriculture_pct,2004_wetland_pct,2009_open_water_pct,2009_ice_snow_pct,2009_developed_pct,2009_barren_pct,2009_forest_pct,2009_shrub_pct,2009_grass_pct,2009_agriculture_pct,2009_wetland_pct,2014_open_water_pct,2014_ice_snow_pct,2014_developed_pct,2014_barren_pct,2014_forest_pct,2014_shrub_pct,2014_grass_pct,2014_agriculture_pct,2014_wetland_pct,2004_2009_fine_class_changed_pixels,2004_2009_between_group_changed_pixels,2004_2009_within_group_changed_pixels,2004_2009_agricultural_81_82_changed_pixels,2004_2009_developed_intensity_changed_pixels,2004_2009_wetland_90_95_changed_pixels,2004_2009_forest_loss_pixels,2004_2009_forest_gain_pixels,2004_2009_forest_to_developed_pixels,2004_2009_forest_to_agriculture_pixels,2004_2009_fine_change_pct,2004_2009_between_group_change_pct,2004_2009_within_group_change_pct,2009_2014_fine_class_changed_pixels,2009_2014_between_group_changed_pixels,2009_2014_within_group_changed_pixels,2009_2014_agricultural_81_82_changed_pixels,2009_2014_developed_intensity_changed_pixels,2009_2014_wetland_90_95_changed_pixels,2009_2014_forest_loss_pixels,2009_2014_forest_gain_pixels,2009_2014_forest_to_developed_pixels,2009_2014_forest_to_agriculture_pixels,2009_2014_fine_change_pct,2009_2014_between_group_change_pct,2009_2014_within_group_change_pct,2004_2014_fine_class_changed_pixels,2004_2014_between_group_changed_pixels,2004_2014_within_group_changed_pixels,2004_2014_agricultural_81_82_changed_pixels,2004_2014_developed_intensity_changed_pixels,2004_2014_wetland_90_95_changed_pixels,2004_2014_forest_loss_pixels,2004_2014_forest_gain_pixels,2004_2014_forest_to_developed_pixels,2004_2014_forest_to_agriculture_pixels,2004_2014_fine_change_pct,2004_2014_between_group_change_pct,2004_2014_within_group_change_pct
7271,1,250,217,3.686635944700461,0.0,15.207373271889402,0.0,27.188940092165897,0.0,0.0,53.91705069124424,0.0,3.686635944700461,0.0,15.668202764976957,0.0,27.188940092165897,0.0,0.0,53.45622119815668,0.0,3.225806451612903,0.0,17.972350230414747,0.0,25.34562211981567,0.0,0.0,53.45622119815668,0.0,2,1,1,0,1,0,0,0,0,0,0.9216589861751152,0.4608294930875576,0.4608294930875576,9,9,0,0,0,0,4,0,1,3,4.147465437788019,4.147465437788019,0.0,11,10,1,0,1,0,4,0,1,3,5.0691244239631335,4.608294930875576,0.4608294930875576
7272,2,250,221,0.0,0.0,12.669683257918551,0.0,0.4524886877828055,0.0,0.0,86.87782805429865,0.0,0.0,0.0,12.669683257918551,0.0,0.4524886877828055,0.0,0.0,86.87782805429865,0.0,0.0,0.0,12.669683257918551,0.0,0.4524886877828055,0.0,0.0,86.87782805429865,0.0,19,0,19,17,2,0,0,0,0,0,8.597285067873303,0.0,8.597285067873303,21,0,21,21,0,0,0,0,0,0,9.502262443438914,0.0,9.502262443438914,38,0,38,36,2,0,0,0,0,0,17.194570135746606,0.0,17.194570135746606
7273,3,250,218,2.293577981651376,0.0,22.477064220183486,0.0,16.972477064220186,0.0,0.0,58.256880733944946,0.0,2.293577981651376,0.0,22.477064220183486,0.0,16.972477064220186,0.0,0.0,58.256880733944946,0.0,2.293577981651376,0.0,22.477064220183486,0.0,16.972477064220186,0.0,0.0,58.256880733944946,0.0,0,0,0,0,0,0,0,0,0,0,0.0,0.0,0.0,0,0,0,0,0,0,0,0,0,0,0.0,0.0,0.0,0,0,0,0,0,0,0,0,0,0,0.0,0.0,0.0
7274,4,250,218,0.0,0.0,16.055045871559635,0.0,4.128440366972478,0.0,0.0,79.81651376146789,0.0,0.0,0.0,15.59633027522936,0.0,4.128440366972478,0.0,0.0,80.27522935779817,0.0,0.0,0.0,15.59633027522936,0.0,4.128440366972478,0.0,0.0,80.27522935779817,0.0,4,1,3,3,0,0,0,0,0,0,1.834862385321101,0.45871559633027525,1.3761467889908257,5,2,3,3,0,0,0,0,0,0,2.293577981651376,0.9174311926605505,1.3761467889908257,7,3,4,4,0,0,0,0,0,0,3.2110091743119265,1.3761467889908257,1.834862385321101
7275,5,250,216,9.722222222222223,0.0,8.796296296296296,0.0,2.314814814814815,0.0,0.0,79.16666666666666,0.0,10.185185185185185,0.0,8.796296296296296,0.0,2.314814814814815,0.0,0.0,78.70370370370371,0.0,10.648148148148149,0.0,8.796296296296296,0.0,2.314814814814815,0.0,0.0,78.24074074074075,0.0,1,1,0,0,0,0,0,0,0,0,0.46296296296296297,0.46296296296296297,0.0,1,1,0,0,0,0,0,0,0,0,0.46296296296296297,0.46296296296296297,0.0,2,2,0,0,0,0,0,0,0,0,0.9259259259259259,0.9259259259259259,0.0
7276,6,250,217,0.0,0.0,13.82488479262673,0.0,13.82488479262673,0.0,0.0,72.35023041474655,0.0,0.0,0.0,14.746543778801843,0.0,14.746543778801843,0.0,0.0,70.50691244239631,0.0,0.0,0.0,16.129032258064516,0.0,14.285714285714285,0.0,0.0,69.5852534562212,0.0,10,4,6,6,0,0,0,2,0,0,4.608294930875576,1.8433179723502304,2.7649769585253456,9,4,5,5,0,0,1,0,0,1,4.147465437788019,1.8433179723502304,2.304147465437788,13,8,5,5,0,0,1,2,0,1,5.990783410138249,3.686635944700461,2.304147465437788
7277,7,250,219,1.36986301369863,0.0,19.63470319634703,0.0,2.73972602739726,0.0,0.0,76.25570776255708,0.0,1.36986301369863,0.0,20.091324200913242,0.0,2.73972602739726,0.0,0.0,75.79908675799086,0.0,1.36986301369863,0.0,20.091324200913242,0.0,2.73972602739726,0.0,0.0,75.79908675799086,0.0,5,1,4,2,2,0,0,0,0,0,2.2831050228310503,0.45662100456621,1.82648401826484,1,0,1,1,0,0,0,0,0,0,0.45662100456621,0.0,0.45662100456621,6,1,5,3,2,0,0,0,0,0,2.73972602739726,0.45662100456621,2.2831050228310503
7278,8,250,218,0.0,0.0,17.889908256880734,0.0,0.0,0.0,0.0,82.11009174311926,0.0,0.0,0.0,17.889908256880734,0.0,0.0,0.0,0.0,82.11009174311926,0.0,0.0,0.0,17.889908256880734,0.0,0.0,0.0,0.0,82.11009174311926,0.0,2,0,2,2,0,0,0,0,0,0,0.9174311926605505,0.0,0.9174311926605505,3,0,3,3,0,0,0,0,0,0,1.3761467889908257,0.0,1.3761467889908257,5,0,5,5,0,0,0,0,0,0,2.293577981651376,0.0,2.293577981651376
7279,9,250,220,0.0,0.0,10.0,0.0,5.909090909090909,0.0,0.0,16.818181818181817,67.27272727272727,0.0,0.0,10.454545454545453,0.0,5.909090909090909,0.0,0.0,16.363636363636363,67.27272727272727,0.0,0.0,10.454545454545453,0.0,5.909090909090909,0.0,0.0,16.363636363636363,67.27272727272727,1,1,0,0,0,0,0,0,0,0,0.45454545454545453,0.45454545454545453,0.0,0,0,0,0,0,0,0,0,0,0,0.0,0.0,0.0,1,1,0,0,0,0,0,0,0,0,0.45454545454545453,0.45454545454545453,0.0
7280,10,250,220,0.0,0.0,11.818181818181818,0.0,12.727272727272727,0.0,0.0,75.45454545454545,0.0,0.0,0.0,11.818181818181818,0.0,8.181818181818182,0.45454545454545453,0.9090909090909091,78.63636363636364,0.0,0.0,0.0,11.818181818181818,0.0,5.454545454545454,0.0,3.1818181818181817,79.54545454545455,0.0,10,10,0,0,0,0,10,0,0,7,4.545454545454546,4.545454545454546,0.0,14,14,0,0,0,0,7,1,0,3,6.363636363636363,6.363636363636363,0.0,20,20,0,0,0,0,17,1,0,12,9.090909090909092,9.090909090909092,0.0
7271,1,1000,3489,2.1496130696474633,0.0,10.031527658354829,0.0,11.980510174835196,0.0,0.08598452278589853,75.75236457437661,0.0,2.178274577242763,0.0,10.260819719117226,0.0,12.037833190025795,0.0,0.028661507595299514,75.49441100601891,0.0,2.0349670392662653,0.0,12.697047864717684,0.0,11.837202636858699,0.0,0.2292920607623961,73.20149039839495,0.0,65,17,48,45,3,0,1,3,0,1,1.8629979936944683,0.48724562912009173,1.3757523645743766,239,135,104,94,10,0,8,1,1,7,6.850100315276584,3.869303525365434,2.980796789911149,281,143,138,125,13,0,8,3,1,7,8.053883634279163,4.09859558612783,3.9552880481513326
7272,2,1000,3505,0.42796005706134094,0.0,10.670470756062768,0.0,8.530670470756064,0.0,0.0,75.5206847360913,4.850213980028531,0.5420827389443652,0.0,10.87018544935806,0.0,8.530670470756064,0.0,0.0,75.29243937232525,4.764621968616263,0.48502139800285304,0.0,11.697574893009985,0.0,8.559201141226819,0.0,0.028530670470756064,74.46504992867332,4.764621968616263,141,14,127,119,8,0,0,0,0,0,4.022824536376604,0.39942938659058486,3.62339514978602,140,38,102,95,7,0,0,1,0,0,3.9942938659058487,1.0841654778887304,2.9101283880171183,269,50,219,204,15,0,0,1,0,0,7.674750356633381,1.4265335235378032,6.248216833095578
7273,3,1000,3491,0.5156115726152966,0.0,10.88513319965626,0.0,16.72873102262962,0.0,0.028645087367516472,68.80549985677456,3.036379260956746,0.6588370094528788,0.0,11.343454597536523,0.0,16.78602119736465,0.0,0.028645087367516472,68.23259810942423,2.9504439988541966,0.9166427957605271,0.0,12.489258092237181,0.0,16.614150673159553,0.0,0.028645087367516472,67.00085935262102,2.9504439988541966,51,26,25,18,7,0,0,2,0,0,1.4608994557433401,0.7447722715554282,0.7161271841879118,146,74,72,68,4,0,12,6,0,11,4.182182755657405,2.119736465196219,2.0624462904611858,192,96,96,85,11,0,11,7,0,10,5.499856774563162,2.749928387281581,2.749928387281581
7274,4,1000,3491,0.859352621025494,0.0,8.593526210254941,0.0,16.700085935262102,0.0,0.0,73.44600401031222,0.40103122314523065,0.8879977083930106,0.0,8.794041821827557,0.0,16.671440847894587,0.0,0.0,73.24548839873961,0.40103122314523065,1.2317387568032083,0.0,9.309653394442853,0.0,16.528215411057005,0.0,0.057290174735032943,72.47207103981668,0.40103122314523065,92,13,79,71,8,0,3,2,2,1,2.6353480378115153,0.3723861357777141,2.262961902033801,109,43,66,61,5,0,7,2,0,7,3.1223145230592952,1.2317387568032083,1.8905757662560871,194,54,140,127,13,0,9,3,2,7,5.557146949298195,1.5468347178458894,4.010312231452306
7275,5,1000,3489,0.8311837202636859,0.0,8.942390369733449,0.0,8.340498710232158,0.0,0.0,81.8859271997707,0.0,0.8598452278589854,0.0,9.143020922900545,0.0,8.397821725422757,0.0,0.0,81.59931212381771,0.0,0.8885067354542848,0.0,9.229005445686443,0.0,8.19719117225566,0.0,0.0,81.68529664660362,0.0,99,12,87,86,1,0,0,2,0,0,2.837489251934652,0.34393809114359414,2.4935511607910574,42,15,27,27,0,0,8,1,0,8,1.2037833190025795,0.4299226139294927,0.7738607050730868,129,27,102,101,1,0,8,3,0,8,3.697334479793637,0.7738607050730868,2.9234737747205504
7276,6,1000,3488,0.6594036697247707,0.0,6.307339449541284,0.0,11.955275229357799,0.0,0.0,80.59059633027523,0.4873853211009175,0.6880733944954129,0.0,6.479357798165138,0.0,12.012614678899082,0.0,0.0,80.33256880733946,0.4873853211009175,0.716743119266055,0.0,6.536697247706422,0.0,11.783256880733944,0.0,0.143348623853211,80.33256880733946,0.4873853211009175,78,9,69,69,0,0,0,2,0,0,2.2362385321100917,0.2580275229357798,1.978211009174312,53,20,33,33,0,0,8,0,0,8,1.5194954128440368,0.573394495412844,0.9461009174311926,121,29,92,92,0,0,8,2,0,8,3.4690366972477062,0.8314220183486238,2.6376146788990824
7277,7,1000,3491,0.6015468347178459,0.0,4.525923804067602,0.0,11.801775995416786,0.0,0.0,83.07075336579777,0.0,0.6015468347178459,0.0,4.583213978802635,0.0,11.77313090804927,0.0,0.0,83.04210827843025,0.0,0.6301919220853625,0.0,4.554568891435118,0.0,11.171584073331424,0.028645087367516472,1.2890289315382413,82.32598109424234,0.0,96,6,90,83,7,0,1,0,0,0,2.749928387281581,0.17187052420509882,2.5780578630764825,133,51,82,82,0,0,21,0,0,3,3.8097966198796906,1.4608994557433401,2.3488971641363507,205,57,148,141,7,0,22,0,0,3,5.872242910340876,1.6327699799484388,4.239472930392438
7278,8,1000,3489,0.05732301519059903,0.0,5.159071367153913,0.0,4.213241616509028,0.0,0.0,88.134135855546,2.4362281456004586,0.05732301519059903,0.0,5.388363427916308,0.0,4.184580108913729,0.0,0.0,87.9621668099742,2.407566638005159,0.05732301519059903,0.0,5.445686443106908,0.0,4.12725709372313,0.0,0.028661507595299514,87.9048437947836,2.4362281456004586,127,10,117,112,5,0,1,0,0,1,3.640011464603038,0.2866150759529951,3.353396388650043,50,6,44,43,0,1,2,0,0,2,1.4330753797649756,0.17196904557179707,1.2611063341931785,167,16,151,145,5,1,3,0,0,3,4.786471768415018,0.4585841215247922,4.327887646890226
7279,9,1000,3493,0.0,0.0,3.2922988834812483,0.0,11.107930146006298,0.0,0.0,51.01631835098769,34.58345261952476,0.0,0.0,3.4640709991411396,0.0,10.334955625536788,0.0,0.028628685943315198,51.64614944174062,34.52619524763813,0.0,0.0,3.5213283710277694,0.0,10.249069567706842,0.0,0.143143429716576,51.53163469796736,34.554823933581446,64,39,25,18,5,2,28,1,0,27,1.8322359003721729,1.116518751789293,0.71571714858288,96,21,75,35,0,40,4,1,0,4,2.748353850558259,0.6012024048096193,2.1471514457486403,141,49,92,45,5,42,31,1,0,26,4.036644718007444,1.402805611222445,2.6338391067849987
7280,10,1000,3492,0.3150057273768614,0.0,3.350515463917526,0.0,17.583046964490265,0.028636884306987402,0.028636884306987402,74.5704467353952,4.123711340206185,0.286368843069874,0.0,3.4077892325315005,0.0,16.752577319587626,0.057273768613974804,0.0859106529209622,75.28636884306988,4.123711340206185,0.286368843069874,0.0,3.493699885452463,0.0,15.864833906071018,0.0,0.715922107674685,75.51546391752578,4.123711340206185,79,40,39,38,1,0,32,3,0,29,2.2623138602520045,1.145475372279496,1.1168384879725086,163,58,105,105,0,0,33,2,0,21,4.6678121420389465,1.6609392898052693,3.006872852233677,224,83,141,140,1,0,64,4,0,46,6.414662084765178,2.376861397479954,4.037800687285223
